run_number,nTrackPass,nAssociatedCluster,efficiency,efficiency_error,efficiency_lerr,efficiency_uerr,residuals_mean,residuals_errmean,residuals_sigma,residuals_errsigma,clusterSize_mean,clusterCharge_mean,seedCharge_mean,residuals_mean_mimosa0,residuals_errmean_mimosa0,residuals_sigma_mimosa0,residuals_errsigma_mimosa0,residuals_mean_mimosa1,residuals_errmean_mimosa1,residuals_sigma_mimosa1,residuals_errsigma_mimosa1,residuals_mean_mimosa2,residuals_errmean_mimosa2,residuals_sigma_mimosa2,residuals_errsigma_mimosa2,residuals_mean_mimosa3,residuals_errmean_mimosa3,residuals_sigma_mimosa3,residuals_errsigma_mimosa3,residuals_mean_mimosa4,residuals_errmean_mimosa4,residuals_sigma_mimosa4,residuals_errsigma_mimosa4,residuals_mean_mimosa5,residuals_errmean_mimosa5,residuals_sigma_mimosa5,residuals_errsigma_mimosa5
1636,3065,3065,1.0,0.000300399232405546,0.000600798464811092,0.0,-0.8067235321402613,0.22465486876221344,10.61339315503928,0.2080123877196618,2.162103347313445,71.46890084671995,49.869826699374855,-9.364478159653142e-05,5.4169247719444745e-05,0.002988240591746083,6.978539244746282e-05,0.00013780973071585745,5.932106464826493e-05,0.003976119031113331,6.093950044776513e-05,4.5829745545597654e-05,6.667205445490027e-05,0.0042551944452962585,7.317142614840749e-05,6.48565025132745e-06,5.402046791057192e-05,0.0037488639478366636,5.1719046909212175e-05,-0.00017676806151841867,6.076950654233002e-05,0.004031109084584401,6.306209025051042e-05,0.00010612196895265803,5.0951700134470284e-05,0.0030721754713230603,6.172758635788079e-05
1653,7963,7962,0.999874419188748,0.00019639319618791617,0.0002888767346411747,0.00010390965773465766,-0.5021702522958347,0.15059965363307842,12.037419608158435,0.12658731728513306,2.2174254799130444,71.08830645656526,49.11931811203498,-9.484962521055028e-05,2.866376560492403e-05,0.003057814652941863,3.0529881113392486e-05,-1.3589942263038938e-05,3.449824350548633e-05,0.003932650700974245,3.2810848031801444e-05,8.307468303085851e-05,3.847937186109295e-05,0.004203687632640734,3.978591347831759e-05,0.0001397981782258142,3.415184801273132e-05,0.0038000423833530477,3.375291243394791e-05,-7.73765848111363e-05,3.661603812722555e-05,0.0039700680971486435,3.7780322090716356e-05,4.917631140911243e-05,3.247224749812711e-05,0.0029554563966207818,4.21219385881395e-05
1658,44844,44229,0.9862857907412362,0.0005607724380501389,0.000571846025270828,0.0005496988508294498,-0.2706193720535896,0.0637621321390453,12.35752687143022,0.053631923705766305,1.340707989699493,13.123495479347937,10.913503533709203,-2.125490332378286e-06,1.367712688773189e-05,0.002877593865242537,1.711244204974881e-05,-8.460081851239404e-05,1.6160361552351488e-05,0.003966470787131375,1.667222821909772e-05,2.7553714971256108e-05,1.6608369376316776e-05,0.004024074042024668,1.731588043042741e-05,0.0002446693186182287,1.464200591293159e-05,0.0037211666188311046,1.4239398493110455e-05,-2.674602492878563e-05,1.6356021355399068e-05,0.003984833370038864,1.6877701980866117e-05,-0.0002232844756583106,1.267987569035698e-05,0.002899157580132188,1.4146271986251267e-05
1664,11050,2946,0.26660633484162893,0.004254306631815474,0.004232940747875891,0.004275672515755058,-1.3209488305586385,0.24667313322289325,12.141254171487821,0.2025906733367,1.3127088704287215,10.145517043826983,8.442757567077246,-1.304130150732365e-05,2.671617896815163e-05,0.0028599297076428616,3.338879005084281e-05,-0.00013196847110604867,3.1322179071005267e-05,0.003920938798393445,3.171382422883281e-05,0.0001914885663787872,3.266018055259554e-05,0.004012578613497723,3.407050979969278e-05,-2.2399034756015056e-05,2.9473156421404055e-05,0.003771846100121764,2.9180476586000443e-05,-0.00010568037790689696,3.2907158381006445e-05,0.0040303074786469115,3.4499818436835674e-05,2.288622382954922e-05,2.623967402168425e-05,0.002986089318283214,3.07626067735479e-05
1671,11068,3332,0.3010480664980123,0.004408003115259684,0.004389826928243745,0.0044261793022756235,-1.0261729280764795,0.22949577943015,12.033587968365959,0.18943840613854324,1.3162467034550007,10.366886066972498,8.63156261773375,-9.851468148159062e-06,2.77284409037747e-05,0.002921747241332655,3.525652943317336e-05,-0.00019463875632387402,3.161858628499734e-05,0.003941739344281993,3.231624164982928e-05,0.0003696486089544098,3.290457858528061e-05,0.004019817353184137,3.449432552451895e-05,-9.191474982781184e-05,2.9440980411534393e-05,0.003763591881292999,2.8790976858129435e-05,-0.00020890238469828184,3.301718612328765e-05,0.004028588085057336,3.4147805430691214e-05,0.00013391690511203232,2.5903704317394028e-05,0.0029448798366549685,2.9720558064750234e-05
1672,10784,3019,0.2799517804154303,0.004372437188682465,0.004351796827186061,0.00439307755017887,-1.126698972200789,0.29166270593683696,12.35635908399804,0.3135618404516656,1.314773822234954,10.198598921846923,8.484179275501965,-5.8760424504660556e-05,2.719359009950609e-05,0.0028751094125492923,3.4020349380859045e-05,-0.0001473178401830925,3.1901628266977524e-05,0.003947526137997831,3.2586394638069865e-05,0.0003646386900037882,3.085295202828279e-05,0.004086137814463075,2.8531210473781566e-05,-0.00011103097533866987,2.96837744806395e-05,0.0037670189366463456,2.942737758269737e-05,-0.00024257808511958913,3.329639679263652e-05,0.004033275131977782,3.46635617645073e-05,0.00012458938044454583,2.5575679487512082e-05,0.0029173905307115886,2.8545757749197744e-05
1673,10926,10768,0.9855390810909757,0.0011891150196062794,0.0012353741114150552,0.0011428559277975037,-1.1257291564742997,0.13481140415297746,12.439513233652642,0.11777339261147723,1.3224007615150741,10.330136674906942,8.580534481288893,-7.457046289560153e-05,2.7437453696068482e-05,0.0028981462425430094,3.472530805797913e-05,-0.00012262047648812425,3.164816275492105e-05,0.003941178800507391,3.235391119712767e-05,0.0002969881304097456,3.3459772554326304e-05,0.004058700813174434,3.5170946664878815e-05,-7.213450989092328e-05,2.9882675763777417e-05,0.0037941666185429407,2.9893262630434347e-05,-0.0002131167386474775,3.378087087100344e-05,0.004084061193403929,3.558670145370284e-05,0.00011046258216921534,2.6469838409627104e-05,0.0029778739584105374,3.073387832041674e-05
1674,36610,7577,0.20696531002458346,0.0021323586984164505,0.002124296085342342,0.002140421311490559,-0.9889397544692882,0.1547422105516094,12.01615602610487,0.13484705162377342,1.3242688715357525,10.297718572959731,8.54096871331598,-4.7332424941754494e-05,1.4971223846138927e-05,0.002895957149544718,1.8938204481511883e-05,-0.0001502085140558974,1.7556701163319655e-05,0.003978568544518085,1.8201185638626674e-05,0.0003412490197550752,1.813965099559563e-05,0.0040334752462845595,1.8922857942097132e-05,-7.278248587429869e-05,1.616844227119555e-05,0.003771088575737868,1.5986123972687644e-05,-0.00023663192557482097,1.800118900385944e-05,0.004019215295685691,1.878090653419334e-05,0.00010438518389357747,1.404891505918769e-05,0.0029352306104992653,1.601368014401744e-05
1675,36584,35465,0.969412858080035,0.0009145746391346354,0.0009276115580229005,0.0009015377202463704,-0.8522184877510546,0.07260798596464288,12.467274287851922,0.06233707475740413,1.3196555009863509,10.288543852105692,8.559175656901107,-4.3700246167784824e-05,1.5071596442762149e-05,0.00290702467744802,1.915009427169305e-05,-0.00015042250841561388,1.7464197258908986e-05,0.00396670289188189,1.8015414833396064e-05,0.00033068864433551245,1.8320159437715486e-05,0.0040568761294678115,1.9230419964496844e-05,-7.12967701227615e-05,1.6337488127879845e-05,0.003798594185837307,1.6341396594370312e-05,-0.00022242220432168601,1.6700908804024202e-05,0.004066161824295374,1.5452672510138724e-05,0.0001252624277601247,1.4188080535262141e-05,0.002947745841491498,1.6082519679204562e-05
1676,29951,7759,0.25905645888284196,0.0025498203977147305,0.002541715995952931,0.0025579247994765297,-1.146380853198722,0.15570185472465808,12.259543715974727,0.13579825836899673,1.316180376670108,10.241227234912648,8.526676622999128,-3.3854928475507834e-05,1.643709177943566e-05,0.0028824454985099677,2.0697802171956324e-05,-0.00015422492265899216,1.912261792149215e-05,0.003936186444401651,1.9682847406965378e-05,0.0003326447352649686,2.022190696567639e-05,0.004049900141794214,2.128627292765587e-05,-0.00010162655346629086,1.789006137128289e-05,0.0037712130448564686,1.7767436305806718e-05,-0.00018115001880738313,2.0005088503165712e-05,0.0040347751483321296,2.08928648920498e-05,0.0001000419378122179,1.570409892530218e-05,0.002948619090601617,1.79694223756213e-05
1679,5719,5639,0.9860115404791048,0.0016427986524619742,0.0017326408902649248,0.0015529564146590236,-0.4141943433376442,0.1846921003406236,12.217853999396983,0.14861505361034588,1.2847066673021017,9.005264001594364,7.521929007464918,0.00016784726917444672,3.8080487286482684e-05,0.0028841512964684754,4.747705376896593e-05,6.23170928572289e-06,4.36939096188378e-05,0.003922117909924375,4.54491903610116e-05,-0.00034613281282364354,4.5463691396239775e-05,0.003998955053336161,4.7454427924976104e-05,-0.00031251170935457407,4.0904178531209456e-05,0.003752905803564759,3.994228653612529e-05,0.0006895763805299509,4.645069085090332e-05,0.004051456288021014,4.849969825726746e-05,-2.5880090051208436e-06,3.506718102493304e-05,0.0029244091124199503,4.025414511849544e-05
1680,29223,29180,0.9985285562741676,0.00024190718483052542,0.00026028669952893324,0.0002235276701321176,-2.074982321167572,0.07803648789893058,12.350210269017877,0.0636223277323138,1.2996469413406042,9.530409246098802,7.933516380575771,-7.772442300101554e-05,1.5078435443303225e-05,0.002875090736139696,1.886667311778019e-05,0.00043553122005400883,1.6413083784811534e-05,0.003960272202823554,1.485027788157003e-05,-0.0011332123658420973,1.8013407556967726e-05,0.0039739142150971955,1.8605392731612953e-05,0.001282481218683502,1.6263767095981723e-05,0.003687432681161992,1.626103350169778e-05,0.0001638168137050613,1.8237177951068305e-05,0.004009640075530578,1.8933502144176557e-05,-0.00029785604407340735,1.4028322099791177e-05,0.0029138280579389456,1.6013670082989256e-05
1681,57344,57252,0.9983956473214286,0.0001761063780961747,0.00018525974612837448,0.0001669530100639749,-0.4459663195122987,0.05542274737711158,12.269054087812798,0.04610847622467951,1.299425850495317,9.518485171596794,7.9306320022535095,0.00013979522852205898,1.1884822592954114e-05,0.002875946892272885,1.4867491562069212e-05,-0.0002973706006096183,1.3916635854131053e-05,0.003934910307147797,1.4189762990995101e-05,6.619022728621482e-05,1.4149548203009955e-05,0.003975669784275137,1.4643914705958494e-05,0.0002451426154411649,1.2614361629633858e-05,0.003697092142577435,1.2184684519848075e-05,-5.970180513642646e-05,1.4384518958192628e-05,0.004021661273820893,1.498441442683747e-05,-0.00016108860248719643,1.2158120991517211e-05,0.0029049177787625483,1.5367993370494766e-05
1682,53977,36017,0.6672656872371565,0.0020386683090137803,0.002041783922620999,0.0020355526954065617,0.8010051273520508,0.06631897350588567,11.66270756285448,0.05483361571947576,1.0848302003410872,7.575369225075638,7.097108770216289,6.22246759942601e-05,1.2281767120996208e-05,0.002859284633047967,1.520000712610536e-05,-0.0003051693717462501,1.4494632000108465e-05,0.003940504044425184,1.4778005978659421e-05,0.0001738784686242796,1.4746024402748923e-05,0.003993923513894685,1.5353551025846005e-05,0.0003775108097279795,1.3179545353360619e-05,0.0037131758281536403,1.2832527856772454e-05,-0.0003326837015581192,1.4757589830951179e-05,0.003986541653699931,1.526225172331303e-05,9.832223684775286e-05,1.1163339529496074e-05,0.0028787411021175447,1.2500717574941557e-05
1684,52593,37348,0.7101325271423954,0.0019891211004415266,0.0019931391346184046,0.0019851030662646485,-0.41789088151931647,0.06734014355029776,11.961501554471356,0.05686551128340778,1.0926299051276742,7.463444886246012,6.9609329825888935,-0.00014854405393432166,1.235233790925871e-05,0.0028618426424714375,1.539382890060521e-05,8.530002521506875e-05,1.462130987602592e-05,0.003951115089306263,1.5064845115365564e-05,0.0001991584937798258,1.4762382747038963e-05,0.003969851857907592,1.5291877160171496e-05,-0.00038988934066415133,1.3411865128784787e-05,0.0036922154386235372,1.3456891185902975e-05,0.0004884792995689117,1.4361919674523951e-05,0.003997430139693374,1.392619789860217e-05,-0.0001599073837321458,1.2360240605239464e-05,0.0028536502777150707,1.5284392698047974e-05
1685,234039,181061,0.7736360179286358,0.0008677137211757224,0.000868886798474966,0.0008665406438764789,0.05129056692261297,0.030734487920110368,12.211624526914358,0.0250730224694804,1.1097205526821867,7.437952027256099,6.864679048585613,-0.0001795913977564267,5.815355817334966e-06,0.002865872366495452,7.228086037854053e-06,0.0002106867171277327,6.876525524880286e-06,0.00395696671896989,7.100186597298061e-06,-8.226761779788928e-05,6.905591096767642e-06,0.003973581123844291,7.146013701002439e-06,8.137157123057747e-05,6.153743313189551e-06,0.0037037657180095758,5.991383287425132e-06,-7.440524642914565e-05,6.9932412548464775e-06,0.004001814783519769,7.2417617573649305e-06,0.0002637326415877434,5.937252021035748e-06,0.0028837125523045997,7.348334748023149e-06
1686,33518,29223,0.8718598961751894,0.0018417730810358357,0.0018529674413846342,0.0018305787206870372,-0.739230433596708,0.07701338543075471,12.326133462189128,0.06082763848216466,1.1508856871525694,7.550764098875905,6.818062613989009,-7.735260955160181e-05,1.464864054476041e-05,0.0028651428391865165,1.8357825101988727e-05,-0.00011503037967086707,1.722497478012833e-05,0.0039260249062796,1.7631167840514322e-05,0.00013644943891069535,1.7522577900102337e-05,0.003957042157822946,1.7941218003969203e-05,0.00033563997758751185,1.5593011812053405e-05,0.0036840947097459874,1.4992775149932653e-05,-0.0005231570336281053,1.730085458764709e-05,0.004032466034210924,1.699670227726859e-05,0.000560297095374952,1.1892542377810998e-05,0.002967966608811941,1.0626410941823338e-05
1687,40972,39648,0.9676852484623646,0.0008864256100512002,0.0008980096210549071,0.0008748415990474934,-0.9131035639667535,0.06665486460984771,12.417731244358556,0.05319998988614749,1.245190884054876,8.26790929782263,7.118907083696202,-8.742456358594261e-05,1.398372365345041e-05,0.002861323556956483,1.7421986951059935e-05,0.0001294255150814707,1.6610260914231784e-05,0.003946458334012875,1.7116403699830472e-05,-1.5364456747085026e-05,1.6746147658657842e-05,0.003969271039787916,1.7293339415345695e-05,-2.8761506460737177e-05,1.5102386103025398e-05,0.003715460875183635,1.4734303058708959e-05,3.55588797684257e-05,1.6763573565550525e-05,0.003969208496830761,1.7294577415620798e-05,-3.787693624647163e-05,1.2950855967344872e-05,0.0028840778881308337,1.4446071902280344e-05
1688,44394,44252,0.9968013695544443,0.00027958056898047534,0.00029125220182091294,0.00026790893614003775,-0.15435908594168407,0.06176828317470462,12.130339272097924,0.04970446593152911,1.330521153004866,9.337687916850586,7.677510712104924,-0.00031853002377308016,1.1289647994513313e-05,0.002908807378546375,1.1588727416211452e-05,0.0005003566000660691,1.4253624865460858e-05,0.0039566465027455755,1.2853133845547012e-05,-1.5552165901011424e-05,1.578570815163895e-05,0.003991317845378416,1.6478477704011114e-05,-0.0003394275950425237,1.4111847174404166e-05,0.0037161732681349445,1.3687180866202948e-05,-0.00011950703776290544,1.5739652934150438e-05,0.003984045824486528,1.6230040416041498e-05,0.0004420852463618811,1.1679068758666547e-05,0.0029376462710272453,1.2534811892011004e-05
1689,34767,34714,0.9984755659102023,0.00022407569978871722,0.0002394138105299426,0.00020873758904749184,-0.5876778424241513,0.07065929530750224,12.244166906909536,0.056870378578477876,1.3109569786393114,9.60034219779744,7.953054884630015,0.00026297135470758375,1.4099235241706799e-05,0.002840136167616243,1.7307752247229394e-05,-0.0007405418682915974,1.5472008965371906e-05,0.0039600479237466,1.3876824915499205e-05,0.00040253910659767854,1.7173141368748233e-05,0.0039866172613556815,1.7721153297168527e-05,9.002412499145469e-05,1.5104548486836981e-05,0.003703695913555464,1.4696664519223959e-05,-0.00020175194020076952,1.731372252311473e-05,0.0040093301150905605,1.790057263908974e-05,0.0004934350016770727,1.1581645120528981e-05,0.002978378693317515,1.0367270123710025e-05
1690,32825,32784,0.9987509520182788,0.00021069282359803543,0.00022709074349891445,0.0001942949036971564,-1.4839843561490045,0.07364214080518901,12.362587419471783,0.05943404122065665,1.299309496800645,9.739769914595657,8.125073875374229,0.0002577970451481251,1.2646947384019427e-05,0.002915574957422608,1.289305507388809e-05,-1.5060003338882869e-05,1.7383352525107426e-05,0.003968311764447306,1.7959153893577036e-05,-0.00037881602473691946,1.7908374014847046e-05,0.0040180908807715444,1.8635104775922124e-05,-0.00048428088481738626,1.555256376128526e-05,0.0036807196348385128,1.5087071737948264e-05,0.0009155996428170448,1.7781602529550584e-05,0.00399120529601446,1.8232893025721484e-05,-0.00011645207882077908,1.3643147423567746e-05,0.002906346387236035,1.5403979315168118e-05
1691,41033,40981,0.9987327273170375,0.00018820232407090742,0.0002012128676293079,0.00017519178051250694,-0.4696826461058573,0.06497377696013826,12.193139012013674,0.0525231343232484,1.292468988189202,9.421644707022397,7.859710304621685,8.850641181576332e-05,1.3178273694108313e-05,0.0028443929080737497,1.6253490879969683e-05,-0.00041683300984115044,1.587341706374657e-05,0.0039486854999258745,1.6200937859393622e-05,0.00029853055766654676,1.6100331503361405e-05,0.003992945579555329,1.670996148276575e-05,0.0002001304038738731,1.420801402974151e-05,0.00370540431909311,1.3877468232155986e-05,-0.0002370358326916213,1.6207751260676907e-05,0.004014964879283286,1.6802354980468637e-05,0.0004079124709760791,1.0625255805036225e-05,0.0029382743132002277,9.381413930324733e-06
1692,36294,36242,0.9985672562958064,0.0002127593750496648,0.00022746390596706245,0.00019805484413226715,-0.3838347617114549,0.06818777995150223,12.102982572255081,0.055091144116189206,1.2946310925156899,9.379372872888501,7.813462078870953,-0.00035864674110029486,1.2596020268908042e-05,0.002910504273331181,1.291153588830053e-05,2.2982430944029022e-05,1.7421005185474217e-05,0.003972718272186993,1.8036245256188217e-05,0.0005513249851802534,1.629879872965422e-05,0.004019989619625334,1.505856837650827e-05,9.38799357782392e-05,1.568127216510501e-05,0.0037133905731036258,1.520232335884802e-05,-0.0002562598560196134,1.761299240312749e-05,0.003985733905200072,1.8161418768666924e-05,-0.00010792992942171887,1.3556686684603751e-05,0.0029019244061933747,1.5315757252864918e-05
1693,68843,68735,0.9984312130499833,0.00015831228314205914,0.00016590807944150132,0.00015071648684261696,0.10664559307247654,0.05004842084652578,12.301143279082263,0.040363931729953784,1.3053972605731177,10.39381916685609,8.707002522242085,-2.259543785539331e-05,1.0787163011393924e-05,0.002873999461316078,1.3516670149355968e-05,-6.313721060151015e-06,1.2776785528683862e-05,0.003969844298952174,1.3190904886417913e-05,0.00021124467351634656,1.2967484867014936e-05,0.0039922319934802275,1.3440137815854086e-05,-0.00015568824850598648,1.1508964207219745e-05,0.003715894910157302,1.1245540151226161e-05,-0.00025737436737609866,1.305125443352849e-05,0.004009409681562396,1.3573875446556624e-05,0.00012492365823495613,1.0099096620260444e-05,0.002909367827627362,1.1405396631603026e-05
1694,34149,34023,0.9963102872704911,0.0003431601127588668,0.0003583561980682326,0.00032796402744950104,-0.8578244010862781,0.07326427387610626,12.417192433799173,0.061352468339404886,1.2717042117719244,10.262612306613489,8.720176841828462,-0.00017731980817585344,1.487589564308782e-05,0.002839344121408376,1.834864546524463e-05,0.00010137845482455634,1.779781382406711e-05,0.003949444275454389,1.8373731443506046e-05,0.0001659414743848249,1.82694098791464e-05,0.003994982886567139,1.896479346587981e-05,0.00012139893074483273,1.613481711414108e-05,0.0037129551470928344,1.5705799102701625e-05,-0.00018866930738123798,1.861050943473318e-05,0.0040477481671020304,1.9482515776789795e-05,-0.00017665480712380778,1.4346161437284332e-05,0.0029229912692745365,1.611740439723809e-05
1695,30628,30346,0.9907927386704976,0.0005625770750818937,0.0005790950895795399,0.0005460590605842475,0.4855032272484708,0.07770795190081276,12.577908873811328,0.061593857931915075,1.2214788349725587,10.358773026137042,8.986282321981664,-4.859301612611737e-05,1.4948318048823077e-05,0.0028574873005610757,1.86412899648481e-05,-0.000256672107390037,1.7123126038243558e-05,0.003963704373196626,1.6694547367990817e-05,7.023861303898728e-05,1.814756815447195e-05,0.003980124305746755,1.8708537366195145e-05,0.0002058338482700908,1.5975021593683356e-05,0.0036976968201594056,1.5606273774012398e-05,0.0004541978231276273,1.836052921457565e-05,0.003997675185236654,1.8937628396259736e-05,3.4632230337752035e-05,1.3839890317061629e-05,0.002892977130095396,1.5592071649849068e-05
1696,30512,30135,0.9876442055584688,0.000649328865352905,0.0006657391678449587,0.0006329185628608514,-0.2091722866976891,0.07776770279696317,12.580386510030603,0.062092154111778264,1.2029496381585325,10.294183083311816,8.995785064841623,-5.0966078113309826e-05,1.4858258630497131e-05,0.002854645217005543,1.8554513160528067e-05,-0.0002978493991328925,1.6945431624452916e-05,0.003942236822769244,1.643345977294557e-05,8.755865806732796e-05,1.733155845787404e-05,0.003988258345834584,1.6970393580942192e-05,0.00021608587740585362,1.5906076475678898e-05,0.003685145759835369,1.5451355819318113e-05,0.00047718082255437933,1.6796601566965166e-05,0.004021902573268976,1.528853969923877e-05,3.297369419227609e-06,1.4116255874889204e-05,0.002921769562429734,1.6099362067559415e-05
1697,30700,30665,0.9988599348534202,0.0002094563272409533,0.00022709790509700678,0.00019181474938489984,2.0320918207201926,0.07548016722508331,12.217444466352276,0.06169667615111596,1.3315767777396084,0.0020189429258477697,0.0020189429258477697,-7.602111996557196e-06,1.474613104629159e-05,0.0028411052330636804,1.82752043146945e-05,-0.00026677007020620705,1.7759024923929013e-05,0.003944774294618073,1.8264313651789694e-05,-3.2553311214332216e-05,1.7611867089523057e-05,0.004025224500251172,1.7358586606811715e-05,0.0003208393361990324,1.6076742351299108e-05,0.0037097067395298385,1.562142590741302e-05,0.00046649925974970644,1.6794559639555355e-05,0.004019275234013597,1.5360669087470936e-05,-1.3633812216062578e-05,1.3880324916740361e-05,0.002890801699731449,1.562879223171692e-05
1698,41790,41724,0.9984206748025843,0.0002065777814799219,0.00021925141065293197,0.00019390415230691183,-0.8125408031555881,0.06570320006981356,12.312906199919784,0.05555193542828807,1.3321501229340116,0.001466722965123914,0.001466722965123914,-0.00010347842258394806,1.3847790407464646e-05,0.0028557654443994865,1.7309657317390317e-05,9.724980858986568e-05,1.647437833515463e-05,0.00395030865750289,1.7061358125720883e-05,1.3354566558368126e-05,1.6827623116889406e-05,0.0039935307056795585,1.7435664706554337e-05,-0.00011284956363353737,1.4965112615358313e-05,0.00370899524801804,1.4490062985707936e-05,0.0003445715809849961,1.7006109526325e-05,0.004004636645611435,1.759635607542732e-05,-0.0002351313704656754,1.2825688842149564e-05,0.0027273041940061643,1.515415340156681e-05
1699,41941,41788,0.9963520183114375,0.0003066484983988982,0.0003189734111459508,0.0002943235856518456,2.041020588036571,0.06763061938599634,12.699838786651819,0.05675606212298234,1.2516236874496633,6.397902958651815,5.389779202820368,-9.016509725218049e-05,1.3989108702988193e-05,0.0028711405949975143,1.754342516298383e-05,0.0001175463712341875,1.662182846858685e-05,0.003967674980195953,1.7300794056851888e-05,-4.0915160318266235e-05,1.6812243625872617e-05,0.0039908990453268725,1.747551932762591e-05,-0.00011453874640297848,1.5008925481930893e-05,0.0037145752462040644,1.4666919374205331e-05,0.00041394433975409066,1.617352650558482e-05,0.0039990354496627,1.5765501245118812e-05,-0.0002716639036164909,1.2894769669275686e-05,0.0027290386162640637,1.5211992408761994e-05
1702,41925,41830,0.9977340488968396,0.0002444920473049783,0.00025698543468888335,0.00023199865992107327,0.45088088823730565,0.06681890077048086,12.867560201763403,0.05266137205571919,1.2626201009193336,7.156988318241515,6.027225755166931,-0.00013495396547919707,1.4137952623439945e-05,0.0028841633411428396,1.777505130807816e-05,6.1018113978706225e-05,1.6531515275299765e-05,0.003957488641073299,1.712939798215738e-05,0.0002807579632211547,1.6949102819487557e-05,0.003999469804510936,1.7695805520486657e-05,-0.00036143504348151733,1.4939070160303535e-05,0.0036982605558905438,1.4505226286344966e-05,0.00010388743453732944,1.6737056725144844e-05,0.0039792388302834015,1.7179976047832705e-05,5.923874082015145e-05,1.2706199201483732e-05,0.002725965278105304,1.5081569674114806e-05
1703,41847,41748,0.9976342390135493,0.0002497821688302593,0.00026228384762017054,0.000237280490040348,0.28480432183471405,0.06691177520392969,12.773744787639803,0.054577125623041844,1.2635844637793963,7.002998693500862,5.8902870823372435,-0.00014296302113719304,1.4060641993914707e-05,0.0028742316940654346,1.7583275481918524e-05,6.864415799174523e-05,1.6454409202706535e-05,0.00394973362806374,1.6986275783064872e-05,0.00030781514125824747,1.6896537780622635e-05,0.003991699562806917,1.7493849879436836e-05,-0.00041125008284805236,1.5443553164219855e-05,0.0036807426532773314,1.594814507788027e-05,8.998969288485275e-05,1.692802308557786e-05,0.004014161838549415,1.7619547254597726e-05,8.343054567160216e-05,1.2715367812537558e-05,0.002728927118510091,1.5100042132284411e-05
1704,41917,41620,0.9929145692678388,0.0004219778662256646,0.00043409013898199067,0.0004098655934693385,-0.8629585100638841,0.06903447452852204,12.936168383326468,0.05799863223550883,1.2264929553528263,5.1766499522326885,4.431422145882523,-0.00023154352004821073,1.406767162889574e-05,0.0028620795454150708,1.74393345208224e-05,0.00022476660521195122,1.6627831760100426e-05,0.003964642349604938,1.7168375077701342e-05,8.230392855058743e-05,1.713546261948434e-05,0.004040966027161594,1.795590588687132e-05,7.010200751685796e-05,1.4873517223784999e-05,0.0037031032630203656,1.4473716667179793e-05,-0.0001411174938134434,1.7002006075615414e-05,0.0040224442681074815,1.7782412963211086e-05,1.6766905497413157e-05,1.2668146050533348e-05,0.002722594339599917,1.5061878666421601e-05
1707,43456,43100,0.9918078055964654,0.000444280238024064,0.0004559088636987285,0.00043265161234939953,-24.331681843613907,0.10755400448470931,21.18971836569596,0.07484258992234771,1.354711890275062,11.52377305525084,9.51576308025646,0.00030094351590414,4.78496945912244e-06,0.003249952829187123,4.005741873930519e-06,-0.00013678252614302987,7.697779690407838e-06,0.00481930013417097,5.611359946280014e-06,-0.000491594676801821,8.059638803314985e-06,0.0047467482343683245,6.002774577384181e-06,0.0005807406584865584,6.50095372766249e-06,0.0041100570161650175,5.994346523103774e-06,-0.0001312774880678423,6.64406688981395e-06,0.004140384873808182,6.514008200061722e-06,-9.747075510025953e-06,4.837700286331676e-06,0.0026694568807874566,5.619479756958934e-06
1709,27,0,0.0,0.0329735702575869,0.0,0.0659471405151738,,,,,1.3490990990990992,11.40825519396948,9.451611049825335,0.0005680561714529117,0.00022326205361352248,0.0031289253541513535,0.00023058400421927428,-4.1286079055559066e-05,0.0002492276449528541,0.004033838408510064,0.00021512667000941866,-0.0012760923810695983,0.00025731886297087654,0.0033143583739404466,0.0002993380883488649,0.0005074220805124009,0.00023049768025883605,0.003638017859786328,0.00021428542344590978,0.0007068638339509461,0.00029237346793724875,0.004108670277061076,0.0003392188581765953,-0.0004724380955538962,0.00016565468462375544,0.00269241228691141,0.00015537087355576575
1710,34127,33899,0.9933190728748498,0.00045605991083891295,0.0004710087292627563,0.00044111109241506963,-25.691101568334197,0.1195488399590321,20.977176077202444,0.08104859699222722,1.3619618047536197,11.646559673443132,9.589525134169229,0.00017364010290687733,5.333498077473101e-06,0.0032527524480317127,4.463283168420801e-06,-0.00013292283150392447,8.771522410379181e-06,0.004916130682574838,6.517967181266437e-06,-0.00037680906467133397,8.841768388854191e-06,0.004804872370158215,6.726718601504774e-06,0.0003347102834498031,6.9844936454567375e-06,0.004118854994050174,6.029005716563568e-06,-0.0001270273027407449,7.417260888854655e-06,0.004145216741673702,7.2645864562097566e-06,7.26755577865045e-05,5.407007929665947e-06,0.002670975915393441,6.279833177704386e-06
1711,20782,20698,0.9959580406120682,0.00046488192619809077,0.0004900746422459301,0.0004396892101502514,-25.098697238700083,0.15292761151334047,20.858755666190472,0.10341534666081209,1.3776129028608282,11.868473753585228,9.694745059881086,0.00014561539710564614,6.875129031253301e-06,0.003251430782917261,5.746049081340821e-06,-0.00011633967159140155,1.1335191474285607e-05,0.004900505307174837,8.357620436657198e-06,-0.00025807206682734274,1.1473826845200654e-05,0.004746786455760736,8.547898424362058e-06,0.00029488110883573555,9.008512584532236e-06,0.004113756949968471,7.765366074733208e-06,-0.00011656489895678536,9.59018804686574e-06,0.004148698206580091,9.422288672818213e-06,8.05251312372866e-05,6.963347268011408e-06,0.002665704352956194,8.048718200874615e-06
1716,63,2,0.031746031746031744,0.030424878940787697,0.020485617521618003,0.04036414035995739,-6.9375,14.944824312119259,19.033686915967337,139.66645489261924,1.3387739478027323,11.240173007774995,9.352152713718255,0.00019562273323986662,0.0001251109784206077,0.0032513538258913885,0.00010276460003108838,7.524640403894862e-05,0.00023583759001539843,0.005345122616937158,0.00021671750476911383,-0.0008143636394384933,0.00020047752178403583,0.004837552820752661,0.0001808251923506516,3.379085069328891e-05,0.00016769374860288173,0.004105211681535776,0.0001333622281586591,-0.00010197611999018447,0.00019102064218439444,0.004208909473278805,0.00020678988246201901,0.00012923565251507854,0.0001230758784086015,0.002625168693070048,0.00014222261104712664
1717,29594,29170,0.985672771507738,0.0007082457818043952,0.0007250727855000472,0.0006914187781087433,-25.047668142341205,0.13602991783875476,21.512210441169202,0.10203967772580214,1.321780894595964,10.991973927230806,9.212535353414472,6.227359126267408e-05,6.200363603315264e-06,0.003304587544085695,5.907381982561124e-06,-0.00019465225965270756,9.545754006834482e-06,0.004901347948663927,7.032974998514782e-06,-0.00014924011233204094,9.550740399043155e-06,0.004744335889172139,7.091372214794445e-06,0.00019452174017658226,7.470834171902713e-06,0.004114254057047425,6.443158212602706e-06,-0.00014788359652705404,7.938780225162518e-06,0.0041427906911373005,7.795110746641135e-06,0.00014442976664076837,5.7848319403225615e-06,0.0026659479760462864,6.692528466412052e-06
1718,41593,40577,0.9755728127329117,0.0007694865664581996,0.0007811119929513888,0.0007578611399650104,-24.895219669272073,0.11125472503967303,21.252681865584098,0.07768816968758152,1.2857850713829226,10.552200609802448,8.982240840998093,-9.168187510485808e-06,5.179898218646593e-06,0.003308618010820146,4.938593487521076e-06,-0.0001706802778739834,7.963244939031729e-06,0.004900988697112747,5.861832433759744e-06,-0.0001834978414972319,7.530971785213356e-06,0.004717446151986807,5.661203260911695e-06,6.213683412171516e-05,6.239273595840435e-06,0.00411753758534401,5.384017000955319e-06,-0.00019370353286017042,6.626175225677894e-06,0.004146086893851069,6.490095202334894e-06,0.00020911837278925752,4.871970635057417e-06,0.0026742286867567316,5.6228050228101264e-06
1719,41387,41115,0.9934278879841496,0.00040963138782662556,0.000421927101259989,0.0003973356743932621,-25.024137740086378,0.11012382722947199,21.203510065005688,0.07697221611658378,1.3553919807174566,11.587879860024657,9.566772993382683,2.291976221776719e-05,4.801014102254766e-06,0.003216251233328371,3.8544567835365265e-06,-6.572997351470119e-05,7.899991631323543e-06,0.004938268036199412,5.861833551482195e-06,-9.497813563627208e-05,7.522717839158579e-06,0.0046941248234024496,5.651025285285547e-06,4.350728690689641e-06,6.254689014814352e-06,0.004125357224038133,5.401601533345417e-06,-0.0002129075220838017,6.640160577420593e-06,0.004155383576259314,6.526158723826371e-06,0.00024670141470190123,4.8511953378894724e-06,0.0026665931390922565,5.577262391625616e-06
1720,40965,39013,0.9523495667032833,0.0010654139199754442,0.00107659375298641,0.0010542340869644784,-24.873931679616938,0.1129757719076484,21.122906363666512,0.07979030616379212,1.2308176319467399,9.999621600932514,8.708323909601768,-1.3069608276159415e-05,4.794559933763449e-06,0.0032122871806269833,3.846763880940873e-06,2.9436378937367142e-05,7.690727865915353e-06,0.004838801713449149,5.600038034734136e-06,-8.502900337686986e-05,7.458442252265031e-06,0.004662899999897191,5.572544022816725e-06,-4.156327674965239e-05,6.240312896439269e-06,0.004118319986347201,5.38297604373635e-06,-0.0002370365617858572,6.604302641835881e-06,0.0041418014863987855,6.478308365541084e-06,0.000277339383050434,4.860056818429205e-06,0.0026682664803462657,5.6015488420872186e-06
1721,6131,6060,0.9884195074213016,0.0014502180286294353,0.0015347098270886983,0.0013657262301701723,5.67591673447987,0.180672357704152,12.774987533047527,0.14754384639652418,1.3177080513292545,8.600046023065678,7.150008121717472,-0.0002497069952568458,1.4290494585253098e-05,0.0028893785075331806,1.781010441689754e-05,0.00033735031738703423,1.6049848044600833e-05,0.003990599706855903,1.565946257226598e-05,-0.0001915170586722461,1.6253579434857922e-05,0.0040162263398891675,1.596746777723999e-05,0.00012653630831127463,1.5004196965665692e-05,0.0037196995391102407,1.4629972415907398e-05,0.00023774543793100207,1.6986143322930116e-05,0.003994805108242657,1.7427330542204916e-05,-0.00029027096150956714,1.3200311252525953e-05,0.002740804467430775,1.5449445313013847e-05
1722,6093,5965,0.9789922862301002,0.0019214250847995884,0.0020036174231966575,0.0018392327464025193,12.052516078895616,0.1859222642898056,12.879659943467704,0.15663298180497165,1.2388041796129898,6.085247789627746,5.197643869141164,-0.000238775666082976,1.4298084300135045e-05,0.0028879560244684005,1.7846382226378442e-05,0.00032065174062198955,1.619568496216317e-05,0.004012676303939036,1.5876161306760438e-05,-0.0001879954617617073,1.6974328885308456e-05,0.003997500364790801,1.766426874653113e-05,0.00012745477396921371,1.4958318754991933e-05,0.0037068726876680904,1.453668686987944e-05,0.0002241402645079782,1.7091028574038903e-05,0.004007693436303759,1.7757593947897673e-05,-0.00026416624906350065,1.3002034212630518e-05,0.0027233657867126596,1.5245811497569114e-05
1723,15,0,0.0,0.057779753724431636,0.0,0.11555950744886327,,,,,1.3468923152579881,11.378797963397108,9.429640966072164,-0.00012701497642714172,0.00022044902006110109,0.003207404819277895,0.00020478405313183266,0.00043878602363007444,0.00036740306083583624,0.005148118551236129,0.0003350820317089662,-0.00048793139798567435,0.0004966585760474732,0.005993938627404639,0.0004965845511053825,0.0003476424958520448,0.0002874673459946959,0.0035136945943978846,0.00028386146254083945,-0.00020721095666162193,0.00026027144090296617,0.004034761395053493,0.00019667642649492977,0.0003473787709555356,0.0001769811854621539,0.0025433188231395705,0.00013415904833489838
1724,640,7,0.0109375,0.004935914164805576,0.004026925527372624,0.005844902802238528,-12.829084441486119,2843.9507672615887,767.3177166788024,481.2962565371795,1.410491561122926,14.451032618452992,11.717037292202779,-4.3784818532509025e-05,3.854015635604446e-05,0.003235023317668297,3.0605994084127795e-05,0.0003610803114369851,6.420899473476252e-05,0.005366452719300876,4.483997190842339e-05,-5.745884868083164e-06,6.2001682538939e-05,0.004934322930231919,4.830903360887248e-05,-0.0001289578997473105,5.16001867814681e-05,0.004197433472517768,4.549084363884197e-05,-0.00033885998083766635,5.3531409152760026e-05,0.004169063721016236,5.244156468440326e-05,0.0003721573408001304,4.0061148220791226e-05,0.0027053748103061845,4.651052854288615e-05
1726,39910,39760,0.9962415434728138,0.00031918815721598826,0.00033214244290169503,0.0003062338715302815,-27.63950403059583,0.10690726895647573,20.56720767372184,0.06901738288910231,1.4110669762978179,14.42223404650242,11.69293719244841,-8.309375806884496e-05,4.791301324627054e-06,0.0032183403582359844,3.852620226352309e-06,-4.8738905150707526e-05,7.927588440003405e-06,0.004953650395093547,5.8857599006733805e-06,0.00020509540973979616,7.566866875921652e-06,0.004652522847508355,5.581510298259974e-06,-0.00018596427064083418,6.274111423116137e-06,0.004131281463993611,5.413343389670225e-06,-0.0003447000921658227,6.606226804812003e-06,0.004148303236056073,6.492383872928865e-06,0.0003999994917723854,4.494988668522038e-06,0.002675996208883224,4.698599372441193e-06
1727,17115,17058,0.996669588080631,0.00047050544353338664,0.0005014796206633809,0.00043953126640339235,-31.29792538711012,0.166743160392568,20.65136369092545,0.11467184793218443,1.4432760370357571,18.473660564207776,14.924860267620105,-6.432760365724001e-05,7.24470452605826e-06,0.0032131465620795618,5.835000733749366e-06,-0.00014572052752087681,1.2073136331354576e-05,0.00491524177540065,8.873046874216051e-06,2.888551740145537e-05,1.1335396168251256e-05,0.004707589774394958,8.485587102477227e-06,-0.0001389674489982136,9.484319581663114e-06,0.004122082979775203,8.140646192529837e-06,-0.00035501502173949034,1.0067756299054396e-05,0.004157538342536903,9.8982547395535e-06,0.0003822181874061661,6.81413871871333e-06,0.002676835935639167,7.144103688418635e-06
1728,39725,39236,0.9876903713027061,0.0005662490637737827,0.000578815840244884,0.0005536822873026814,-37.810576975524924,0.10795841663602285,20.00900567458532,0.06776668324765289,1.4684752547257383,22.520103954623067,18.189674806862318,-8.041621520654029e-05,4.774697166179296e-06,0.003213336542111047,3.833269092490439e-06,-8.688302004546773e-06,7.89150573824531e-06,0.0049654762797506965,5.88531325508004e-06,0.0003183787954657588,7.614574270205171e-06,0.004618006631161391,5.548236947159344e-06,-0.00018525111858581615,6.272407352974921e-06,0.004130839291282555,5.397248906191098e-06,-0.0003582717046216186,6.607440667749532e-06,0.004150470212390016,6.480227057910457e-06,0.000407759303322266,4.487196196022947e-06,0.002673388591680425,4.6789013757818874e-06
1729,39381,37718,0.9577715141819659,0.0010268002301985768,0.0010385799800144424,0.0010150204803827112,-43.67593403618622,0.10626805881445593,18.753187233400748,0.06502318341531854,1.4903416883876222,27.5050040163276,22.27171549100288,-6.18410902425099e-05,4.781962670487326e-06,0.0032144961692664757,3.8529871080570125e-06,5.1403541686011146e-05,7.681304498107403e-06,0.004846922987213765,5.578559535284865e-06,0.00022945674481902973,7.616860873522145e-06,0.0046450737632569225,5.599297857523163e-06,-0.00012862494185102966,6.260746185753317e-06,0.00413138299965269,5.406077907021988e-06,-0.0003763813048426536,6.590319988785968e-06,0.004141551012696866,6.4695989032469235e-06,0.0003982623261023484,4.481419222083702e-06,0.0026723745759118438,4.679136674406222e-06
1730,6824,6739,0.9875439624853458,0.0014178931581095289,0.0014933026087842194,0.0013424837074348384,-3.5147899660954702,0.16997678964292695,12.918514421879802,0.13055075171259212,1.331237555059434,11.06724189947505,9.241670186447838,-0.0002882173740101521,1.1560015196305063e-05,0.002927958088846684,1.1883532617413465e-05,0.0002628893788266509,1.5221775506668579e-05,0.003999643625341708,1.4949310265216726e-05,5.6375436483412946e-05,1.5429970472738044e-05,0.0040178742322472686,1.5159746693249815e-05,-5.446387014223025e-06,1.4140023674642455e-05,0.003711613869992745,1.3764613440495651e-05,8.24932740724375e-05,1.6099563188536605e-05,0.004012441966238363,1.6729531599252298e-05,-0.00013527101488148728,1.203450677996215e-05,0.0027112329681898244,1.4098630510003243e-05
1731,6070,6020,0.9917627677100495,0.0012449959746125838,0.0013318414303197246,0.001158150518905443,5.607322977012591,0.21102474980297223,13.238035367420261,0.21632685809881913,1.2816770484972166,7.115190238586219,5.875428717959676,-0.00036095328139925975,1.2126938037709717e-05,0.002908625410949989,1.2428882100351025e-05,0.0003065897444764872,1.604010896803276e-05,0.0039914821623548286,1.5624378544069136e-05,0.00015694695072986117,1.725511625866076e-05,0.004024676263142814,1.7913401647431286e-05,-0.00013657762440484565,1.4915912310904387e-05,0.0037025563543815255,1.4488210118546153e-05,6.928025418095622e-05,1.677405116389061e-05,0.003972704894626497,1.7240880573182477e-05,-8.250203345079808e-05,1.2795949591485179e-05,0.0027221006365919717,1.51189440779901e-05
1732,60676,59937,0.9878205550794383,0.0004538622955769789,0.00046205787339692606,0.0004456667177570317,10.631651672760329,0.059293619417033754,13.409063491480056,0.050051916451629985,1.1802666121080434,1.954629152433513,1.6930289704563328,-0.00023726825115539586,4.489966162256599e-06,0.002881171154428831,5.6086670874489104e-06,0.00029843279964563715,5.081689329307796e-06,0.003997230542080594,4.981536990822941e-06,-0.00013055767599033294,5.157012447854168e-06,0.004027864406043913,5.081039753121355e-06,0.00012890535237940253,4.72760391336791e-06,0.003712438797971956,4.613346062596647e-06,0.00013844694630284752,5.35351311109883e-06,0.003995646613949199,5.527011925661918e-06,-0.00020542691314783015,4.066241247027159e-06,0.0027200490335619523,4.763561635797407e-06
1733,2958,2918,0.9864773495605138,0.002297806419494397,0.002475500962522803,0.002120111876465991,10.007375839128285,0.2529064255685305,12.552300450369463,0.20562667522230438,1.3456208016812845,1.5857444874941475,1.2822800429749892,-0.0002317421695387409,1.5204078362923655e-05,0.002856896370056047,1.8876130331307406e-05,0.0003039906575947523,1.7402737424938218e-05,0.003975122708229035,1.7002938916491658e-05,-0.00023987306785861292,1.751586411183396e-05,0.003976806440459886,1.7108150377662416e-05,9.10543516823283e-05,1.6550884066063404e-05,0.00368205518200586,1.658496871118347e-05,0.0002223231476200475,1.8713370307842592e-05,0.004009582609959386,1.9204306452238248e-05,7.549092325716245e-05,1.5968958759334118e-05,0.003174489825519069,1.7850537822796308e-05
1734,2511,2486,0.9900438072481084,0.0021875516676675977,0.002402495468674104,0.0019726078666610913,-3.8748807808249337,0.29309052581475775,12.308547538038932,0.2559635308246886,1.4122386578649933,1.506546544145771,1.1747184652909715,-0.0003253788245730909,1.313842358703214e-05,0.002872745732805389,1.3386165457569138e-05,0.00034452665491747236,1.8149900582077884e-05,0.004048358404145489,1.7770758200621063e-05,-0.00022904245954154847,1.8956291500776658e-05,0.004003535219520102,1.962504216901134e-05,0.0001904983378321303,1.670500904801208e-05,0.0036576092994837313,1.6538595333492434e-05,0.0002977221811166187,1.862805264794396e-05,0.00396573600450161,1.903592995244549e-05,0.0002361187019489533,1.606877350848543e-05,0.0032972387219490674,1.6679497366726493e-05
1736,2437,2414,0.9905621665982766,0.00217136080323882,0.0023939210694713386,0.001948800537006301,-1.8748474972605074,0.29826441406121246,12.945277207498798,0.2539391250177756,1.2735408091429732,0.0,0.0,-0.00022747795990930478,1.5177976413027758e-05,0.002825325365010482,1.8485560614335333e-05,0.0003290539222579,1.7951574614909194e-05,0.004024055007526257,1.7302299108192714e-05,-0.0004897004147365483,1.8619440790349963e-05,0.003976707174681388,1.9255527817640754e-05,0.0003368449597786863,1.66393189212295e-05,0.003652848954076124,1.6524940215986847e-05,0.0003957839389840483,1.7281551112033524e-05,0.0040151674360460275,1.5859079805346913e-05,0.00014004707937444243,1.577693590980026e-05,0.0032957970892994962,1.6583005136417144e-05
1737,9794,9696,0.9899938738002859,0.001058169933640496,0.0011107858573569107,0.0010055540099240812,-2.6551421975384755,0.14514220381539736,13.023324716030274,0.12056554520538665,1.2663312561104407,0.0,0.0,-0.00020168559977799664,7.650512704019061e-06,0.0028476622225797614,9.439224783172032e-06,0.0003231762474250503,8.970535274391821e-06,0.00402666290212743,8.706066613882305e-06,-0.0005470983187672151,9.329659892347893e-06,0.003986665734240872,9.674561928876032e-06,0.00041573079607188686,8.36421659913594e-06,0.003668301049918409,8.338280369415063e-06,0.0003946542479748494,9.315035147672438e-06,0.003966607734534306,9.543841195560243e-06,9.681641815421999e-05,7.814468445278981e-06,0.0032844456833276466,8.179694124137702e-06
1739,114230,113843,0.996612098397969,0.0001764480855881989,0.00018091015501453533,0.0001719860161618625,-0.45343649883779036,0.040507399465784855,12.73558145746147,0.03324403339155779,1.2750804152457378,5.49171367640344,4.603836870124252,-3.336145206514336e-05,8.28054695871976e-06,0.0028511339166548133,1.031949428241855e-05,-9.731445029257935e-06,9.961725570113338e-06,0.003962930501409817,1.031450579062562e-05,5.178647400361199e-05,1.0076287495126589e-05,0.003976097203041887,1.0454982343006112e-05,3.6377486618806476e-06,9.011793495257977e-06,0.003708916043703212,8.772451400413349e-06,6.3671941774940796e-06,1.0063702874789402e-05,0.003983295669652617,1.0403075274400945e-05,1.768477997292702e-05,7.791906857137844e-06,0.0028987252018288596,8.77538863498274e-06
1740,142607,142454,0.9989271213895531,9.029902477286633e-05,9.394246895755298e-05,8.665558058817968e-05,-12.025514588702007,0.03547397396284714,12.486859473433983,0.02923307055301194,1.2938985369233336,7.448657973697276,6.1056612051382295,7.519046753377578e-05,7.41806676643464e-06,0.002854607278020309,9.244487688806272e-06,-1.1500481583311092e-05,8.856384214783476e-06,0.003950667901161666,9.128045891518516e-06,-0.000238535182169118,9.03823461063555e-06,0.003979620679871054,9.362291730138483e-06,0.0002454844239415955,8.040561435686667e-06,0.003698350575472294,7.786274685493179e-06,8.535886589573209e-05,8.997801088055378e-06,0.003983523468139478,9.310524120805571e-06,-9.328351941115307e-05,6.956216944616301e-06,0.002902336487895825,7.853497590322076e-06
1745,141955,141740,0.9984854355253425,0.00010684209791200772,0.00011047676674880158,0.00010320742907521385,-13.148435606885919,0.03577601523530499,12.651673214467342,0.02918983780706519,1.3400901517558743,12.024489175635162,9.900955146424387,-0.00012611931104909295,7.463501778707662e-06,0.002851870473282818,9.29504674503708e-06,5.443536145988317e-05,8.898383771954877e-06,0.003946548779338243,9.174322119815987e-06,0.00019490622823751562,9.061663316632256e-06,0.003975493417437257,9.38051305814677e-06,-0.00017751508367711054,8.086758934421679e-06,0.0037024060076041006,7.859097796141987e-06,4.691372641211828e-05,9.032399423979005e-06,0.003979842734424248,9.333633737108296e-06,4.8484565052212674e-05,7.653944184816272e-06,0.0028852801294825666,9.663093497478022e-06
1748,50409,50357,0.9989684381757226,0.00015321440780785567,0.000163809965584516,0.00014261885003119534,-0.3792259136793429,0.06147014869399084,12.81363320626378,0.05141429574582279,1.362765540386264,15.33593542448407,12.61744377573191,-1.2734938350779596e-07,1.2343576625750786e-05,0.002830611682018132,1.528121067984132e-05,-1.3422068086245715e-05,1.495203322027241e-05,0.0039487161973709665,1.5460762323724997e-05,5.444921103608294e-05,1.5218691633765815e-05,0.0039781948031156,1.5794006111852633e-05,-1.0955576523602603e-06,1.359672305435957e-05,0.0037096093441588993,1.3242616561366639e-05,2.075296321317681e-05,1.5199445591007395e-05,0.003986734274743555,1.5748320534559614e-05,-7.106321984361492e-06,1.175589309859231e-05,0.0029007095054183734,1.325838405969934e-05
1749,141727,141594,0.9990615761287546,8.496403341107239e-05,8.864145021381109e-05,8.12866166083337e-05,-0.4787586965363393,0.03661215703757765,12.7541880612825,0.030483662453050897,1.3812535141203806,18.427663918968346,15.137610096086922,-4.648099219977962e-05,7.437268901405056e-06,0.0028474268475548125,9.252593040066394e-06,2.7544863829193932e-05,8.956105038888891e-06,0.003961090319333809,9.27046201272758e-06,5.319955006468148e-05,9.095024321733192e-06,0.003985122720724422,9.439836820325357e-06,-1.7376233356999615e-05,8.083490088461682e-06,0.0037023179906450344,7.859071142370892e-06,2.7282431306652754e-05,9.062939257113644e-06,0.003986141385244519,9.375126904893113e-06,-3.474349314911753e-05,6.98317948158536e-06,0.002894632288096761,7.85907332610759e-06
1751,141342,141249,0.9993420214798149,7.184863336584524e-05,7.556824776500104e-05,6.812901896668944e-05,-0.22740100589549272,0.03664672779356414,12.797233550665274,0.03063707226911916,1.389400247246231,21.492662986422403,17.68172309992947,-0.000116254028360321,7.4681663547228135e-06,0.0028506921450026077,9.270085605696927e-06,9.533419040428527e-05,8.918570664492655e-06,0.003949823824366459,9.178806795916519e-06,6.661751199396916e-05,9.095927021674924e-06,0.003985474693791563,9.425338033107445e-06,-2.802344767600125e-05,8.10063789579316e-06,0.0037067772191645212,7.874205968875256e-06,-4.66297260600324e-06,9.143489631391015e-06,0.004009827862804911,9.52273299606129e-06,2.049102944636988e-05,7.092272953764084e-06,0.0029175293690099336,8.053805153316143e-06
1757,88288,88271,0.9998074483508518,5.261393597605357e-05,5.896835048424531e-05,4.625952146786183e-05,0.2555625927065158,0.04768663988155825,13.24389081331954,0.03896789651283061,1.3039852479890008,13.411607480635825,11.470523865009588,-8.542047251828625e-06,5.770517498391484e-06,0.0028348701097880963,7.154101027294758e-06,-0.00016158676352040908,6.903413859681717e-06,0.003915686127741831,6.969920551406269e-06,0.0001839090791771785,7.112879571090389e-06,0.003976778718136541,7.3682306276415515e-06,-1.988171638690811e-05,6.251007985522758e-06,0.0036696741482598882,6.016036581128932e-06,2.1700201530000193e-05,7.081187936189764e-06,0.003976510169927608,7.306943061757376e-06,0.00010272644683123791,6.010341852910117e-06,0.00288492071455602,7.527693958120471e-06
1758,91304,91275,0.999682379742399,6.465259056226413e-05,7.063980776034207e-05,5.86653733641862e-05,0.6066432790268927,0.04797857973891222,13.2730777268332,0.04083845710426015,1.3112179596608788,13.388210537535734,11.41608285333371,4.818863222917049e-05,5.64163861669694e-06,0.0028195494954021912,6.940795829611668e-06,-0.00016943785309435323,6.762102481769837e-06,0.0039007660187311485,6.796280947634617e-06,3.396463362237997e-05,6.966620412981601e-06,0.003962817702784848,7.19261540040885e-06,0.00011614356637173982,6.172214687965525e-06,0.0036739870912829743,5.970654134088041e-06,4.405012323975256e-05,7.0178749559401524e-06,0.003991013181126331,7.271052890995828e-06,4.53110239728968e-05,5.929733880862336e-06,0.002890286154771004,7.514244393027215e-06
1765,5,5,1.0,0.15407985234803334,0.3081597046960667,0.0,-1.38211848451553,212.68776637659306,49.15188444647699,25.19806370882566,1.4866502131478574,16.032533094009423,12.745793134395333,,,,,0.0003136473461095773,0.0009481536649173525,0.003181670625214104,0.0009845239890434042,-0.0006662044825415759,0.0007763244148181652,0.0036652275507647524,0.0009004107433865515,0.00016801155102757326,0.0007213782105143652,0.0037654934956504976,0.0007908540732344463,0.0002442119033404261,0.0006875354446526423,0.0038743432033213334,0.0006800313688116309,,,,
1767,15,0,0.0,0.057779753724431636,0.0,0.11555950744886327,,,,,1.4835710150650012,16.426273419850922,13.013022196310132,-0.000299556927907475,0.00024283521747352676,0.0030890225223674976,0.00030208833656037923,-1.2519039882011437e-05,0.0002619791811320785,0.0037026431385516695,0.00026664268281989447,0.0005192527058002242,0.0002802122713448992,0.003736342267766279,0.0003222351431975305,3.0308656477296804e-05,0.00026708541353461516,0.003728241063961913,0.00028675492692734777,-6.52690603325207e-05,0.0003292769606246845,0.004082557528109218,0.00034478942635041566,0.00019980261718183223,0.00025433720736315214,0.0031658306316550717,0.00028981131284348805
1769,738,738,1.0,0.0012464118151631065,0.002492823630326213,0.0,-3.811029107210936,0.8426963470475244,15.239289500103702,1.0160024112475314,1.4757653825414894,16.270235456233898,12.922353364088432,-0.00037132468361871483,2.893001814786627e-05,0.002828426566954953,3.215573825178438e-05,0.000194996907630169,3.59627608677161e-05,0.0039463027523916365,3.457889758210419e-05,0.0003619231521930715,3.98382816296819e-05,0.00393455528481731,4.384269748029844e-05,-0.0003371015586379399,3.462804823625803e-05,0.0037100697680587627,3.333437156085987e-05,-5.504443364577293e-05,3.893280776442545e-05,0.004022447546597615,4.0694195898838574e-05,0.00042414977547962926,3.00270486842368e-05,0.00329365016044397,2.8748082573228084e-05
1770,1133,1132,0.999117387466902,0.0013790363571157815,0.002027760378707333,0.0007303123355242302,-3.8307665447068704,0.5528493203388977,14.195747530135762,0.5511225147693786,1.4725708309564556,16.195854725232934,12.885743487355011,-0.00042866943067500685,2.3049062261680175e-05,0.0028055028852635427,2.579832548541385e-05,0.00030224528621578916,2.97439704160789e-05,0.003892430752317032,3.0005449286733517e-05,0.00031530395499783045,2.7533574371265097e-05,0.004032409952169962,2.348290659926909e-05,-0.0002449597839947153,2.6844508862466286e-05,0.0036311456175934856,2.5416172725541337e-05,-2.5255258647757415e-05,3.0617899565178723e-05,0.003965572005547701,3.11261623702451e-05,0.0004146846002823817,2.3364620352844986e-05,0.003220363218924317,2.1939329084193606e-05
1771,1668,1668,1.0,0.00055185371212646,0.00110370742425292,0.0,-3.411490242489052,0.3717339080951849,12.952008954614993,0.32785389020358835,1.4811613184894128,16.246889325474786,12.875543913264934,-0.0003649140509446027,1.7919132881965135e-05,0.0028291601891732975,1.9876069586059243e-05,0.00022620913671324603,2.2370759648009194e-05,0.003944851483468497,2.1251390454727595e-05,0.00028082617370627714,2.199901503402416e-05,0.0039831323606414806,2.0142663851761226e-05,-0.0002179706786374745,2.094024631316742e-05,0.003650910529165792,1.9863881803279223e-05,-4.5303674393605315e-05,2.3852887943016902e-05,0.003986461285028763,2.481882998954239e-05,0.00042665269079804926,1.817260634688912e-05,0.0032400789663398996,1.707771521885159e-05
1774,5619,5619,1.0,0.00016388136675393739,0.00032776273350787477,0.0,-3.054580730672027,0.19864544936523984,12.666813929669653,0.1840596503881855,1.4795350383853572,16.19651351077826,12.849585062240664,-0.0003159851880376462,1.0407103631723691e-05,0.0028460542699413126,1.1651150276352669e-05,0.0001780833708765545,1.292294798418707e-05,0.0039651070853990965,1.2353511862387323e-05,0.0002131215797733721,1.38096886619277e-05,0.003973307217186099,1.4127432214394654e-05,-0.00012657286286362087,1.21470820960483e-05,0.0036861819372234397,1.1724537888883999e-05,-7.184125971281947e-05,1.3638832875432092e-05,0.003977562453731508,1.4146480833777128e-05,0.0003799196066767552,9.850406338557988e-06,0.00325041391118155,8.364725347085526e-06
1775,4492,3883,0.8644256455921638,0.005222209022501423,0.00530516499066791,0.005139253054334936,-3.39234955783448,0.22324279772996664,12.390279961850307,0.1831690081832793,1.4795188344853891,16.160907162593382,12.829581399026877,-0.0003302039185613453,1.4017333722516169e-05,0.0028725288425740982,1.5861542414167065e-05,0.00019666329645808833,1.6988813483150396e-05,0.003954407499146769,1.610560825047612e-05,0.00026735413149484363,1.7720775401709668e-05,0.004017979091256172,1.7200762780701542e-05,-1.5063886187085643e-05,1.5952756517296032e-05,0.0036889458310297215,1.5545012539349714e-05,-0.00014971294671450926,1.82258709233517e-05,0.00400832980115579,1.892660971658164e-05,1.1392313316434025e-05,1.4748067965265364e-05,0.0028210489985653897,1.825735712866793e-05
1780,736,0,0.0,0.0012497945672240987,0.0,0.0024995891344481973,,,,,1.2729469806823674,13.58759604646899,11.715669116789172,-0.0002713686310464971,3.0682341422622e-05,0.0028168644745869163,3.7608328184790226e-05,0.00013466279630763855,3.5648864588184325e-05,0.003957865867210407,3.374671607535762e-05,0.00021085200022496323,3.77541016470322e-05,0.003954008772280752,3.8581630463163435e-05,-7.776648131266849e-05,3.368936923875971e-05,0.003683990733983491,3.224425280583948e-05,-8.828257991609295e-06,3.725525864748039e-05,0.003945650805601185,3.789146780154421e-05,0.00035923335375178306,2.9327864844144222e-05,0.003266768817699809,2.812026277668959e-05
1790,6450,6450,1.0,0.00014277036356935557,0.00028554072713871115,0.0,-4.738654802701781,0.17203788387849323,12.507872368316413,0.14623170417691256,1.4829566757598873,16.21673755931064,12.83546549963153,-5.5569473852052136e-05,1.0477957071339794e-05,0.0028205782707960876,1.2872972999743583e-05,8.748836933887832e-05,1.2303659409094025e-05,0.003977218515068003,1.1844043400565264e-05,-0.00025926831578484565,1.2912002106704952e-05,0.0039657074204311,1.3317271232819944e-05,0.00010657121342752567,1.1364541801616198e-05,0.003664359860564452,1.0962557485338269e-05,0.00020567819915443968,1.3050861872694479e-05,0.003996558013488756,1.3470391107012246e-05,0.000288702861701001,9.805596946570752e-06,0.0032319536346190215,9.175800582169832e-06
1794,3029,3026,0.9990095741168703,0.0007511089291351025,0.000963025481638291,0.000539192376631914,-5.069528401587941,0.2523547534224264,12.640403629341467,0.2074715750307874,1.467708908676968,15.201371394700327,12.159704166722797,-2.3639414546480363e-06,1.5315129679431054e-05,0.002828911834947233,1.873064169431531e-05,4.738406662686676e-05,1.7801726955380158e-05,0.003972394980893659,1.7071898990935527e-05,-0.0003021785621602468,1.789583066227835e-05,0.00397201081148473,1.7335087410691474e-05,0.00016351978595156435,1.6541084890980357e-05,0.0036740228451891156,1.600095579566414e-05,0.00023062066327131077,1.877821126924919e-05,0.003976520783477192,1.936603061521028e-05,0.00024459818835260793,1.665325052137218e-05,0.003209830676960628,1.873991036517727e-05
1795,1323,1314,0.9931972789115646,0.002657869971952942,0.0030931584036212323,0.0022225815402846516,-5.141168476217602,0.48035580239028897,14.167677206061956,0.490685065100835,1.492276872792451,15.918797336004358,12.536998963220693,-4.319663553718863e-05,2.436572221481668e-05,0.002887069462657629,3.0411226521308862e-05,5.922008785529657e-05,2.7466318551319973e-05,0.003963045941634727,2.616991094900247e-05,-0.00021003559389074644,2.7995712957698154e-05,0.004000515155241918,2.729631876711709e-05,9.410269724167228e-05,2.590905143249813e-05,0.0037052651547621355,2.5169646032929967e-05,0.000228549977985205,2.928517536877865e-05,0.003997555889071732,3.019543565412877e-05,0.0002741316480059368,2.219582330563714e-05,0.0032549121137381842,2.084662714686074e-05
1796,1125,1120,0.9955555555555555,0.0024582375041798943,0.0029971822800518577,0.0019192927283079309,-5.76351297706571,0.5220255381079821,13.65205972005694,0.5664742841451726,1.4876363636363636,15.836325358851674,12.508248803827751,6.773627670361715e-06,2.4212711093943614e-05,0.0027967790843559364,2.9336390548556472e-05,6.1251861594362005e-06,2.834500232725769e-05,0.003937443625910907,2.682176947954747e-05,-0.00030736439773045205,2.873333125346218e-05,0.0039641610863588575,2.782237313134412e-05,0.00013975363434351015,2.708899188147004e-05,0.0037136636165933266,2.6606706959171307e-05,0.0002751767943910393,3.0489074564750776e-05,0.003994010771011797,3.1472640121785276e-05,0.0002508305062225174,2.7009090477647996e-05,0.0032268297221301322,3.0665456181641e-05
1797,206,203,0.9854368932038835,0.010944722453073819,0.013970789353755064,0.007918655552392573,-6.338335845163599,5.463888741259133,29.230714956840785,10.779419653550834,1.4796010879419765,15.758952855847689,12.534338168631006,-7.025130543894497e-05,5.9394650400254034e-05,0.0028080764416576138,7.157537420372074e-05,0.00013648877866906224,6.88142997809813e-05,0.003910778758272081,6.657909223332654e-05,-0.0003687218825363265,6.88601071053335e-05,0.003908243797907855,6.561584714890093e-05,0.00018520262801299968,6.203921092103199e-05,0.0035267527546150226,5.649756227156272e-05,0.00014874690668849176,7.416759558563431e-05,0.003965603773239293,7.526545138633221e-05,0.0002849705314072415,5.333574446671988e-05,0.0031132241857473276,4.798464843325972e-05
1798,1986,1974,0.9939577039274925,0.002002848279464897,0.0022877668456342537,0.0017179297132955407,-5.8752446871324056,0.3491619361854324,12.883023353152751,0.3345175154314921,1.4825227311717275,15.806677817807515,12.542352890718819,-2.431657158388267e-05,1.9530070304901682e-05,0.00283352251881316,2.3937966340807962e-05,5.2714263611786734e-05,2.2464935375424983e-05,0.003943438488758738,2.1485576021969396e-05,-0.0002936604268281188,2.4188135023116565e-05,0.003988715210027603,2.5050254936428724e-05,0.00015801742827684507,2.1232974351386045e-05,0.0036796157561736174,2.0404353488624022e-05,0.00019098325093553088,2.3922045772263244e-05,0.003967047303254836,2.4390879622533342e-05,0.00028672734761432217,1.815389025273111e-05,0.0032320741460433464,1.699596237336189e-05
1800,3188,3160,0.9912170639899623,0.001814841575609294,0.001983691548747557,0.0016459916024710308,-6.5696140478071,0.2749075141672201,13.18608417168222,0.249051497763622,1.481684994754908,15.7789211523503,12.527278046970334,-1.5384594030580653e-05,1.5016945150166793e-05,0.0027994075139731516,1.826464782298155e-05,1.1039352103959176e-05,1.7895003445819565e-05,0.0039789564368071725,1.7219089587695727e-05,-0.00024710542870114773,1.7992334266973188e-05,0.003980523183930806,1.7505229113649943e-05,0.0001486764709781705,1.6640412557833677e-05,0.003680454179313476,1.6039030987053554e-05,0.00019674464256187388,1.8718826610944552e-05,0.003961557443473056,1.9202236293677072e-05,0.0002856250386226473,1.4276061128894339e-05,0.003236247956019956,1.34072821565555e-05
1801,3153,3136,0.9946083095464637,0.0014694833582772349,0.0016455772023633575,0.0012933895141911123,-6.5498305311818,0.2737699572368613,12.41247693819764,0.2634003114560466,1.4201295039570654,14.332114777581166,11.672357581296465,-1.0304595712736045e-05,1.4760947150934683e-05,0.0028244237973505983,1.819944245682394e-05,5.510562812402893e-05,1.7107142686845985e-05,0.003946497972347928,1.6292998949349563e-05,-0.00027797496658286296,1.8226642132764446e-05,0.003970832960616573,1.885672685126628e-05,0.00015355309716737512,1.6093821168445287e-05,0.0036786909393569964,1.5552876109859956e-05,0.00021669866800650507,1.817709928431165e-05,0.003972199520567813,1.8749313697533315e-05,0.0002701341669170978,1.3835128204086726e-05,0.0032391799023581197,1.3008165080124383e-05
1802,8468,8460,0.9990552668871044,0.0003964270640687273,0.00046583423159352044,0.00032701989654393415,-1.3370661266732062,0.15858490197562558,13.30137901005633,0.13322234148599765,1.447752210041982,12.84769456786219,10.20137525059045,2.8604013763461913e-05,9.22581025477462e-06,0.002824636921282684,1.131517162896703e-05,2.2276490168878063e-05,1.0686591260788128e-05,0.003954620927902211,1.0171852661394407e-05,-0.0003732261899051832,1.0908180332186759e-05,0.003993792880477527,1.0638664003894392e-05,0.00021601377464504302,9.975889993492171e-06,0.003667949617472104,9.598870919474002e-06,0.00024680665971355377,1.1419019838947048e-05,0.003987623488033812,1.1753871470386178e-05,0.00022924355298239486,1.002264678507224e-05,0.0032087233728380787,1.1298310474907583e-05
1803,1317,1317,1.0,0.0006988280728221774,0.0013976561456443548,0.0,-6.109655705926104,0.5197333425098026,14.557926212203967,0.5260306008039217,1.4130327464209314,9.829246887170205,7.830270784195418,-0.00034173128679768116,2.263621941169475e-05,0.002887150223367689,2.5921278525110132e-05,0.0003477031847576366,2.8461299714964907e-05,0.004053977123901215,2.755523320944716e-05,-0.00010918225506118475,2.84038426222021e-05,0.004023978165156421,2.7444710700663742e-05,4.6563067956734215e-05,2.6646116664377068e-05,0.0037011958422001846,2.6860620013151033e-05,-3.2935615684882575e-05,2.8929025675903644e-05,0.003962683008219851,2.964680832576573e-05,0.0005218745094809024,2.2119595894345792e-05,0.0032364807107582907,2.091852132108708e-05
