run_number,nTrackPass,nAssociatedCluster,efficiency,efficiency_error,efficiency_lerr,efficiency_uerr,residuals_mean,residuals_sigma,residuals_meanx,residuals_sigmax,residuals_meany,residuals_sigmay,clusterSize_mean,clusterCharge_mean,seedCharge_mean,residuals_mean_mimosa0,residuals_errmean_mimosa0,residuals_sigma_mimosa0,residuals_errsigma_mimosa0,residuals_mean_mimosa1,residuals_errmean_mimosa1,residuals_sigma_mimosa1,residuals_errsigma_mimosa1,residuals_mean_mimosa2,residuals_errmean_mimosa2,residuals_sigma_mimosa2,residuals_errsigma_mimosa2,residuals_mean_mimosa3,residuals_errmean_mimosa3,residuals_sigma_mimosa3,residuals_errsigma_mimosa3,residuals_mean_mimosa4,residuals_errmean_mimosa4,residuals_sigma_mimosa4,residuals_errsigma_mimosa4,residuals_mean_mimosa5,residuals_errmean_mimosa5,residuals_sigma_mimosa5,residuals_errsigma_mimosa5
1682,1004957,666096,0.6628104486062588,0.00047238282550010613,0.0004725451424552052,0.0004722205085450071,34.42437158529561,11.967958586175316,-1.7021029653602968,12.124646015222835,34.38226584356853,11.811271157127797,1.0840064825025604,7.575737721896843,7.104772900345991,0.0,0.0,0.0,0.0,0.0,0.0,0.0,0.0,0.0,0.0,0.0,0.0,0.0,0.0,0.0,0.0,0.0,0.0,0.0,0.0,0.0,0.0,0.0,0.0
1684,994220,702777,0.7068626662106978,0.0004573178534297284,0.00045752632630358114,0.0004571093805558757,35.18523483622906,12.108382795316626,-2.7660694382755944,12.274779206909859,35.07633975122297,11.94198638372339,1.090659100099698,7.482303329963051,6.981561082465342,0.0,0.0,0.0,0.0,0.0,0.0,0.0,0.0,0.0,0.0,0.0,0.0,0.0,0.0,0.0,0.0,0.0,0.0,0.0,0.0,0.0,0.0,0.0,0.0
1685,972232,752826,0.7743275267631594,0.00042473822850874754,0.0004250209749628864,0.0004244554820546087,35.995995015863556,12.286801250346983,-3.0132271644753397,12.503297917787625,35.86965457371094,12.070304582906342,1.1080915433724452,7.4225486414545445,6.857931321711021,0.0,0.0,0.0,0.0,0.0,0.0,0.0,0.0,0.0,0.0,0.0,0.0,0.0,0.0,0.0,0.0,0.0,0.0,0.0,0.0,0.0,0.0,0.0,0.0
1686,948220,833467,0.8789806163126701,0.00033567882197771404,0.0003360794693747504,0.00033527817458067766,36.406203165479965,12.481947923164299,-3.32141884851788,12.713599131815263,36.254376366983806,12.250296714513334,1.1532551456405187,7.57105371134925,6.82913333465388,0.0,0.0,0.0,0.0,0.0,0.0,0.0,0.0,0.0,0.0,0.0,0.0,0.0,0.0,0.0,0.0,0.0,0.0,0.0,0.0,0.0,0.0,0.0,0.0
1687,936799,906288,0.9674305800924211,0.00018404857698367527,0.00018454942267176477,0.00018354773129558577,36.71125272518464,12.453717402513453,-4.070011857186454,12.720472970034955,36.484943197636184,12.186961834991951,1.2543257213055354,8.361724116983066,7.172016797287855,0.0,0.0,0.0,0.0,0.0,0.0,0.0,0.0,0.0,0.0,0.0,0.0,0.0,0.0,0.0,0.0,0.0,0.0,0.0,0.0,0.0,0.0,0.0,0.0
1688,925962,921823,0.9955300541490903,6.99095135816008e-05,7.044929583843729e-05,6.936973132476432e-05,37.7033194795491,12.207783174176274,-5.330408101555826,12.448954753257906,37.32461720162465,11.966611595094642,1.3394380447905687,9.497100006332241,7.793020759259175,0.0,0.0,0.0,0.0,0.0,0.0,0.0,0.0,0.0,0.0,0.0,0.0,0.0,0.0,0.0,0.0,0.0,0.0,0.0,0.0,0.0,0.0,0.0,0.0
1689,976437,973598,0.9970924903501198,5.50372647190045e-05,5.555157817604961e-05,5.4522951261959385e-05,39.4084877100883,12.29007801198317,-6.004842319353928,12.527175578487126,38.94830897890019,12.05298044547921,1.3168985517522682,9.710980122177379,8.027365471492436,0.0,0.0,0.0,0.0,0.0,0.0,0.0,0.0,0.0,0.0,0.0,0.0,0.0,0.0,0.0,0.0,0.0,0.0,0.0,0.0,0.0,0.0,0.0,0.0
1690,872227,869532,0.9969102080077777,6.0039363246444655e-05,6.061505540888579e-05,5.946367108400352e-05,41.14150636840637,12.364225797014159,-6.495473573471389,12.597574898346918,40.62551377297223,12.1308766956814,1.3101977736082304,9.632196197532346,8.009574145778153,0.0,0.0,0.0,0.0,0.0,0.0,0.0,0.0,0.0,0.0,0.0,0.0,0.0,0.0,0.0,0.0,0.0,0.0,0.0,0.0,0.0,0.0,0.0,0.0
1691,724520,722063,0.9966087892673771,6.903522857293343e-05,6.972818020656302e-05,6.834227693930384e-05,42.33589682388038,12.314863997436579,-7.453048506246332,12.533065917894401,41.67469529397647,12.096662076978756,1.2966707367548802,9.371697697170122,7.802087533475709,0.0,0.0,0.0,0.0,0.0,0.0,0.0,0.0,0.0,0.0,0.0,0.0,0.0,0.0,0.0,0.0,0.0,0.0,0.0,0.0,0.0,0.0,0.0,0.0
1692,730656,728047,0.9964292361932291,7.051389055162671e-05,7.120057170828531e-05,6.982720939496811e-05,43.14667012829038,12.234337143947887,-7.815867219862514,12.423123731977057,42.43285711286696,12.045550555918716,1.2986599564575012,9.306602097749364,7.73412335470469,0.0,0.0,0.0,0.0,0.0,0.0,0.0,0.0,0.0,0.0,0.0,0.0,0.0,0.0,0.0,0.0,0.0,0.0,0.0,0.0,0.0,0.0,0.0,0.0
1693,833016,829314,0.9955559076896482,7.352678860866879e-05,7.412709595411293e-05,7.292648126322465e-05,44.42153222810571,12.339536507201867,-8.402809965590118,12.545392739246642,43.61955192542461,12.133680275157094,1.3126917853561393,10.362868111630439,8.644342524941553,0.0,0.0,0.0,0.0,0.0,0.0,0.0,0.0,0.0,0.0,0.0,0.0,0.0,0.0,0.0,0.0,0.0,0.0,0.0,0.0,0.0,0.0,0.0,0.0
1694,979593,973434,0.9937126949661748,8.042463228091767e-05,8.093228558569976e-05,7.991697897613559e-05,43.145528550066864,12.525398963046642,-5.9654764365188,12.741872857950774,42.73113296824663,12.30892506814251,1.2744024487045997,10.228872066950757,8.674662509664179,0.0,0.0,0.0,0.0,0.0,0.0,0.0,0.0,0.0,0.0,0.0,0.0,0.0,0.0,0.0,0.0,0.0,0.0,0.0,0.0,0.0,0.0,0.0,0.0
1695,937238,927169,0.9892567309477422,0.00010708991911323462,0.0001076150030239198,0.00010656483520254945,37.04365785794506,12.71159001549455,-3.5767179346367506,12.938409272711176,36.870580091890915,12.484770758277923,1.2252018793372974,10.327420576847214,8.9376537364276,0.0,0.0,0.0,0.0,0.0,0.0,0.0,0.0,0.0,0.0,0.0,0.0,0.0,0.0,0.0,0.0,0.0,0.0,0.0,0.0,0.0,0.0,0.0,0.0
1696,980066,965370,0.9850050914938382,0.00012335143165470575,0.00012384878318949522,0.00012285408011991628,35.78578943483894,12.783214086554631,-3.0327931269335373,13.006745478694464,35.65704546543158,12.559682694414798,1.2051581115803518,10.255738632363544,8.949128490188153,0.0,0.0,0.0,0.0,0.0,0.0,0.0,0.0,0.0,0.0,0.0,0.0,0.0,0.0,0.0,0.0,0.0,0.0,0.0,0.0,0.0,0.0,0.0,0.0
1697,347191,346498,0.9980039805179282,7.724449317098037e-05,7.870741460525021e-05,7.578157173671052e-05,33.747593160656706,12.336135536282033,3.5643371659929457,12.538294014408015,33.55883705828205,12.133977058156052,1.338112592626433,0.0015602759275214068,0.0015602759275214068,0.0,0.0,0.0,0.0,0.0,0.0,0.0,0.0,0.0,0.0,0.0,0.0,0.0,0.0,0.0,0.0,0.0,0.0,0.0,0.0,0.0,0.0,0.0,0.0
1699,1348480,1343381,0.996218705505458,5.325923936611021e-05,5.363012215842122e-05,5.28883565737992e-05,31.96085603527875,12.700147085019383,12.714143396897658,12.93836792264638,29.323145741733402,12.461926247392386,1.2616833864986485,6.502919446258374,5.458898801302701,0.0,0.0,0.0,0.0,0.0,0.0,0.0,0.0,0.0,0.0,0.0,0.0,0.0,0.0,0.0,0.0,0.0,0.0,0.0,0.0,0.0,0.0,0.0,0.0
1702,1259201,1255786,0.997287962763689,4.6773748709594276e-05,4.717239731644174e-05,4.6375100102746813e-05,29.683433261761344,12.772972259873896,14.844808375704408,12.997556556353153,25.704822008604843,12.54838796339464,1.2611109173846493,6.800789797730624,5.72825600362692,0.0,0.0,0.0,0.0,0.0,0.0,0.0,0.0,0.0,0.0,0.0,0.0,0.0,0.0,0.0,0.0,0.0,0.0,0.0,0.0,0.0,0.0,0.0,0.0
1703,1590687,1586696,0.9974910211751274,4.000588765823432e-05,4.032138863219181e-05,3.9690386684276824e-05,29.208839719334836,12.777049727908366,15.638656621438322,13.022238201465429,24.669591338863636,12.531861254351302,1.2619554738841845,6.8595582424031845,5.775385579237501,0.0,0.0,0.0,0.0,0.0,0.0,0.0,0.0,0.0,0.0,0.0,0.0,0.0,0.0,0.0,0.0,0.0,0.0,0.0,0.0,0.0,0.0,0.0,0.0
1704,1131423,1122404,0.9920286223631657,8.409822475918816e-05,8.453577370048926e-05,8.366067581788705e-05,33.86626237137817,12.929496776402898,26.520487409935203,13.15881140473123,21.061516435112004,12.700182148074566,1.237047289538138,5.265819796187441,4.487231344481724,0.0,0.0,0.0,0.0,0.0,0.0,0.0,0.0,0.0,0.0,0.0,0.0,0.0,0.0,0.0,0.0,0.0,0.0,0.0,0.0,0.0,0.0,0.0,0.0
1705,15122,1023,0.0676497817748975,0.0020767322483119036,0.002047654657679601,0.002105809838944206,18.815709809596427,13.225619177268602,9.328841108720354,12.233860852100465,16.340246607906273,14.21737750243674,1.250243874447696,10.906524358753659,9.504045446720607,0.0,0.0,0.0,0.0,0.0,0.0,0.0,0.0,0.0,0.0,0.0,0.0,0.0,0.0,0.0,0.0,0.0,0.0,0.0,0.0,0.0,0.0,0.0,0.0
1707,279570,277261,0.9917408877919662,0.00017307122390886054,0.0001748500448004453,0.00017129240301727577,15.788321409453692,12.297874352189645,4.81779453279799,12.490392476543454,15.03529011253044,12.105356227835834,1.3522882809688919,11.510052957179957,9.521842677614245,0.0,0.0,0.0,0.0,0.0,0.0,0.0,0.0,0.0,0.0,0.0,0.0,0.0,0.0,0.0,0.0,0.0,0.0,0.0,0.0,0.0,0.0,0.0,0.0
1710,272812,270956,0.9931967802002845,0.00015931809707048217,0.00016114854714011084,0.0001574876470008535,14.865986133422819,12.395018844998052,3.9698186149233274,12.584470489462491,14.32613290053278,12.205567200533611,1.3613138756191092,11.669593542685984,9.615091239229509,0.0,0.0,0.0,0.0,0.0,0.0,0.0,0.0,0.0,0.0,0.0,0.0,0.0,0.0,0.0,0.0,0.0,0.0,0.0,0.0,0.0,0.0,0.0,0.0
1711,272758,271632,0.995871798444042,0.00012469100063289273,0.00012653772861415113,0.00012284427265163433,15.288730631139504,12.336214630545696,3.873125755453529,12.555044647996645,14.790002744894467,12.117384613094746,1.3802913304441398,11.910719287735269,9.727513378642719,0.0,0.0,0.0,0.0,0.0,0.0,0.0,0.0,0.0,0.0,0.0,0.0,0.0,0.0,0.0,0.0,0.0,0.0,0.0,0.0,0.0,0.0,0.0,0.0
1712,13793,13731,0.9955049662872472,0.0006069301144810413,0.000645176676494108,0.0005686835524679745,15.47226021062135,12.015261227615259,3.6393550497217806,12.19874739847754,15.038149182902835,11.831775056752978,1.3826201340074813,11.903481728121017,9.709055781641798,0.0,0.0,0.0,0.0,0.0,0.0,0.0,0.0,0.0,0.0,0.0,0.0,0.0,0.0,0.0,0.0,0.0,0.0,0.0,0.0,0.0,0.0,0.0,0.0
1717,297373,292847,0.9847800573690281,0.0002263337113315722,0.00022797753414949273,0.00022468988851365168,16.56804163199692,12.504117662676073,2.9179316694593065,12.725375617445275,16.309067364259356,12.282859707906873,1.3193412865165275,10.974690678957815,9.209993152028899,0.0,0.0,0.0,0.0,0.0,0.0,0.0,0.0,0.0,0.0,0.0,0.0,0.0,0.0,0.0,0.0,0.0,0.0,0.0,0.0,0.0,0.0,0.0,0.0
1718,323691,315184,0.9737187626470925,0.00028290073381215253,0.0002843735219441035,0.0002814279456802016,17.53151066659536,12.632440398268024,1.9223208152088256,12.815229100783778,17.42580124230624,12.449651695752268,1.2806529919326708,10.517689519533176,8.977495845521245,0.0,0.0,0.0,0.0,0.0,0.0,0.0,0.0,0.0,0.0,0.0,0.0,0.0,0.0,0.0,0.0,0.0,0.0,0.0,0.0,0.0,0.0,0.0,0.0
1719,282477,280173,0.9918435837254006,0.00017111527304713992,0.00017287617445072012,0.0001693543716435597,18.479954051832802,12.445431968358417,0.9568308197544702,12.62384287965844,18.4551666624883,12.267021057058395,1.3524346338196789,11.547681755733418,9.552014156951588,0.0,0.0,0.0,0.0,0.0,0.0,0.0,0.0,0.0,0.0,0.0,0.0,0.0,0.0,0.0,0.0,0.0,0.0,0.0,0.0,0.0,0.0,0.0,0.0
1720,284152,269735,0.9492630704693262,0.0004137243582348904,0.0004153135375404293,0.0004121351789293515,19.65070698701306,12.79386973758184,-0.02765046997592227,12.98784569410598,19.650687533543298,12.599893781057698,1.225558581049385,9.948262125565563,8.688643393782328,0.0,0.0,0.0,0.0,0.0,0.0,0.0,0.0,0.0,0.0,0.0,0.0,0.0,0.0,0.0,0.0,0.0,0.0,0.0,0.0,0.0,0.0,0.0,0.0
1721,258647,256057,0.9899863520551176,0.00019783943375173418,0.00019975420008311318,0.0001959246674203552,24.450464973745472,12.507209970497273,10.707034946563276,12.699824117657002,21.981461281849004,12.314595823337545,1.3177494490719572,8.664218682669835,7.204473070567059,0.0,0.0,0.0,0.0,0.0,0.0,0.0,0.0,0.0,0.0,0.0,0.0,0.0,0.0,0.0,0.0,0.0,0.0,0.0,0.0,0.0,0.0,0.0,0.0
1722,258697,253483,0.9798451470252844,0.0002784085941783254,0.0002802780198842836,0.00027653916847236726,32.14285506109113,12.694836502366307,21.795873440994722,12.891411042670489,23.624204376495996,12.498261962062127,1.2465763355215425,6.225223822220125,5.304686927062742,0.0,0.0,0.0,0.0,0.0,0.0,0.0,0.0,0.0,0.0,0.0,0.0,0.0,0.0,0.0,0.0,0.0,0.0,0.0,0.0,0.0,0.0,0.0,0.0
1726,240420,239787,0.9973671075617669,0.0001066704282120523,0.0001087821721409421,0.0001045586842831625,33.183222066422,12.066474539110162,-15.24576109480518,12.286624525313952,29.47359827624718,11.846324552906372,1.412154302216577,14.469606755088854,11.728729498714594,0.0,0.0,0.0,0.0,0.0,0.0,0.0,0.0,0.0,0.0,0.0,0.0,0.0,0.0,0.0,0.0,0.0,0.0,0.0,0.0,0.0,0.0,0.0,0.0
1727,86018,85866,0.9982329279918156,0.00014918353949361363,0.00015521634190074352,0.00014315073708648374,37.85905015236371,12.073422447591257,-23.803984466267202,12.303464276479163,29.439395407665902,11.843380618703351,1.4469260329848348,18.552905963537874,14.973466761625742,0.0,0.0,0.0,0.0,0.0,0.0,0.0,0.0,0.0,0.0,0.0,0.0,0.0,0.0,0.0,0.0,0.0,0.0,0.0,0.0,0.0,0.0,0.0,0.0
1728,257471,257135,0.9986949986600433,7.315225471127285e-05,7.514377909989545e-05,7.116073032265025e-05,43.802372987361366,12.105641804390107,-35.16602501497081,12.350884402325534,26.115102220178493,11.86039920645468,1.468997315744249,22.594774669679094,18.258804792745128,0.0,0.0,0.0,0.0,0.0,0.0,0.0,0.0,0.0,0.0,0.0,0.0,0.0,0.0,0.0,0.0,0.0,0.0,0.0,0.0,0.0,0.0,0.0,0.0
1729,258366,258002,0.9985911458938096,7.579126044343631e-05,7.777340260084475e-05,7.380911828602787e-05,51.50594071867827,12.099319159750838,-46.00844397803212,12.321728499850325,23.153509713135932,11.87690981965135,1.4902879539965332,27.581928521159874,22.343787174242767,0.0,0.0,0.0,0.0,0.0,0.0,0.0,0.0,0.0,0.0,0.0,0.0,0.0,0.0,0.0,0.0,0.0,0.0,0.0,0.0,0.0,0.0,0.0,0.0
1730,248842,245775,0.9876749101839721,0.0002233337343103825,0.00022531300835115786,0.00022135446026960715,34.191116736430395,12.369322951829393,-14.145716934868776,12.628336578015142,31.12765902027933,12.110309325643644,1.3343049865004986,11.098801227321616,9.250135560338837,0.0,0.0,0.0,0.0,0.0,0.0,0.0,0.0,0.0,0.0,0.0,0.0,0.0,0.0,0.0,0.0,0.0,0.0,0.0,0.0,0.0,0.0,0.0,0.0
1731,249740,247639,0.9915872507407704,0.00018488997103566218,0.00018688163660596224,0.00018289830546536212,32.334549912074024,12.273637678627658,-0.8095907952273899,12.472419287532057,32.32441307681687,12.074856069723259,1.280346963854908,7.0766447032954565,5.852695816086107,0.0,0.0,0.0,0.0,0.0,0.0,0.0,0.0,0.0,0.0,0.0,0.0,0.0,0.0,0.0,0.0,0.0,0.0,0.0,0.0,0.0,0.0,0.0,0.0
1732,261483,258352,0.9880259902173373,0.00021476097484662837,0.00021664574264868008,0.00021287620704457666,31.484176001991006,12.503052086815075,15.51084391295705,12.739311732944818,27.3983039553953,12.266792440685329,1.1784413752706555,1.9904386725053116,1.722645423311707,0.0,0.0,0.0,0.0,0.0,0.0,0.0,0.0,0.0,0.0,0.0,0.0,0.0,0.0,0.0,0.0,0.0,0.0,0.0,0.0,0.0,0.0,0.0,0.0
1733,239521,237172,0.9901929267162378,0.0002035761131963243,0.00020564565782521527,0.00020150656856743332,28.700338321288772,12.632070397974577,18.728052092993753,12.848207844659127,21.747861608869712,12.415932951290026,1.3920762184210678,1.6747164868262814,1.3266262245707479,0.0,0.0,0.0,0.0,0.0,0.0,0.0,0.0,0.0,0.0,0.0,0.0,0.0,0.0,0.0,0.0,0.0,0.0,0.0,0.0,0.0,0.0,0.0,0.0
1734,79565,78831,0.990774838182618,0.0003454696182275119,0.0003517576222820118,0.00033918161417301196,28.311335639184588,12.689950091481851,20.84061908840209,12.841324200708005,19.16247170087131,12.538575982255699,1.5716688319324597,1.6999231084223487,1.2290814813021815,0.0,0.0,0.0,0.0,0.0,0.0,0.0,0.0,0.0,0.0,0.0,0.0,0.0,0.0,0.0,0.0,0.0,0.0,0.0,0.0,0.0,0.0,0.0,0.0
1736,242749,240672,0.9914438370497922,0.00018912346601307473,0.00019117202181007098,0.00018707491021607847,30.381647483900746,12.61535411210576,26.529851994729736,12.854298930117835,14.805791332237101,12.376409294093685,1.275694798707439,0.0,0.0,0.0,0.0,0.0,0.0,0.0,0.0,0.0,0.0,0.0,0.0,0.0,0.0,0.0,0.0,0.0,0.0,0.0,0.0,0.0,0.0,0.0,0.0,0.0,0.0
1737,244822,242660,0.9911690942807427,0.00019125284121795927,0.00019328247890348926,0.00018922320353242927,32.22244003602399,12.553038647877901,29.42380354870456,12.75534094911406,13.13489347510678,12.350736346641742,1.2756600824275806,0.0,0.0,0.0,0.0,0.0,0.0,0.0,0.0,0.0,0.0,0.0,0.0,0.0,0.0,0.0,0.0,0.0,0.0,0.0,0.0,0.0,0.0,0.0,0.0,0.0,0.0
1739,1162808,1158336,0.9961541372264381,5.786710937494277e-05,5.8297360439940604e-05,5.743685830994494e-05,19.68686501132549,12.720586518055264,18.557883716618772,12.951163163859762,6.5709668949559985,12.490009872250765,1.2831434754873585,5.523160807320188,4.616936876686697,0.0,0.0,0.0,0.0,0.0,0.0,0.0,0.0,0.0,0.0,0.0,0.0,0.0,0.0,0.0,0.0,0.0,0.0,0.0,0.0,0.0,0.0,0.0,0.0
1740,1006338,1005206,0.9988751294296747,3.393523171429935e-05,3.443877083519897e-05,3.343169259339973e-05,2.124597310269745,12.514901874083789,2.051033530819986,12.75761335720301,-0.554233873249855,12.272190390964568,1.351473962038293,7.882412868951897,6.4088401479210875,0.0,0.0,0.0,0.0,0.0,0.0,0.0,0.0,0.0,0.0,0.0,0.0,0.0,0.0,0.0,0.0,0.0,0.0,0.0,0.0,0.0,0.0,0.0,0.0
1742,1144783,1143801,0.9991421955077949,2.781852920547001e-05,2.8261887190628165e-05,2.7375171220311856e-05,8.442096051863555,12.538447047284325,-6.773144690561802,12.770322785794939,-5.039196041989705,12.30657130877371,1.4049631547713592,9.754996208152434,7.880792523738426,0.0,0.0,0.0,0.0,0.0,0.0,0.0,0.0,0.0,0.0,0.0,0.0,0.0,0.0,0.0,0.0,0.0,0.0,0.0,0.0,0.0,0.0,0.0,0.0
1743,1215921,1214952,0.9992030732259743,2.6020595468689844e-05,2.6438109252291397e-05,2.560308168508829e-05,17.22394202009234,12.536552587441442,-16.03070938121713,12.758751926589307,-6.299248800171317,12.314353248293578,1.490255667612939,11.393321114542461,9.147121105823478,0.0,0.0,0.0,0.0,0.0,0.0,0.0,0.0,0.0,0.0,0.0,0.0,0.0,0.0,0.0,0.0,0.0,0.0,0.0,0.0,0.0,0.0,0.0,0.0
1745,1060956,1059479,0.9986078593268712,3.669500686115379e-05,3.7171496568233486e-05,3.621851715407409e-05,0.5295748541242522,12.690859336055517,0.24912791588625238,12.917550217318182,0.46731660322194346,12.464168454792851,1.3543995293379756,12.103554180882728,9.934020341218082,0.0,0.0,0.0,0.0,0.0,0.0,0.0,0.0,0.0,0.0,0.0,0.0,0.0,0.0,0.0,0.0,0.0,0.0,0.0,0.0,0.0,0.0,0.0,0.0
1748,1011292,1010121,0.998842075285872,3.4336690105774004e-05,3.4837605978887964e-05,3.383577423266004e-05,10.153209132333282,12.757235799729173,-10.140802520270178,12.994050083429428,-0.501776772856168,12.520421516028918,1.3812778635515097,15.460184406978415,12.669086909109716,0.0,0.0,0.0,0.0,0.0,0.0,0.0,0.0,0.0,0.0,0.0,0.0,0.0,0.0,0.0,0.0,0.0,0.0,0.0,0.0,0.0,0.0,0.0,0.0
1749,961039,959986,0.9989043108552307,3.4291571699374135e-05,3.481916096959026e-05,3.376398242915801e-05,21.028593769025036,12.755127658910926,-20.989682990250408,12.985509998718657,-1.27865705780371,12.524745319103195,1.4063505627976394,18.60351957303922,15.218046612876147,0.0,0.0,0.0,0.0,0.0,0.0,0.0,0.0,0.0,0.0,0.0,0.0,0.0,0.0,0.0,0.0,0.0,0.0,0.0,0.0,0.0,0.0,0.0,0.0
1751,729241,728159,0.9985162655418441,4.57913804133292e-05,4.648598885659272e-05,4.5096771970065674e-05,31.426671958270866,12.775883047222084,-31.383092825537535,12.981511493126531,-1.6544470606408068,12.57025460131764,1.4231589456005922,21.806333527373624,17.86719609456153,0.0,0.0,0.0,0.0,0.0,0.0,0.0,0.0,0.0,0.0,0.0,0.0,0.0,0.0,0.0,0.0,0.0,0.0,0.0,0.0,0.0,0.0,0.0,0.0
1757,509943,509762,0.9996450583692688,2.7387449174243184e-05,2.840459942943241e-05,2.6370298919053958e-05,6.79924340586853,12.268607088673885,3.918419534698379,12.551693745972525,-5.556590613167469,11.985520431375246,1.3102636382390345,13.252886676815972,11.29814805626859,0.0,0.0,0.0,0.0,0.0,0.0,0.0,0.0,0.0,0.0,0.0,0.0,0.0,0.0,0.0,0.0,0.0,0.0,0.0,0.0,0.0,0.0,0.0,0.0
1758,905443,905103,0.9996244932038792,2.0931149283642814e-05,2.1498417920096102e-05,2.0363880647189525e-05,5.520299306536026,12.236087610842514,3.487175268040196,12.538857759654418,-4.279405692816576,11.933317462030612,1.3132042656575116,13.23997665173851,11.274763748014553,0.0,0.0,0.0,0.0,0.0,0.0,0.0,0.0,0.0,0.0,0.0,0.0,0.0,0.0,0.0,0.0,0.0,0.0,0.0,0.0,0.0,0.0,0.0,0.0
1762,266681,266667,0.9999475028217233,1.5995718617267674e-05,1.812316663329927e-05,1.3868270601236077e-05,1.1974393943028916,11.411113128904173,-0.3336005076828207,11.720992274158041,1.1500312188380974,11.101233983650307,1.4823153348144051,16.41019239487236,12.992512800465297,0.0,0.0,0.0,0.0,0.0,0.0,0.0,0.0,0.0,0.0,0.0,0.0,0.0,0.0,0.0,0.0,0.0,0.0,0.0,0.0,0.0,0.0,0.0,0.0
1770,19109,19105,0.9997906745512586,0.00013289819825879068,0.00016557577119047373,0.00010022062532710763,7.049134236514927,11.217992730401864,-4.475274076600306,11.491250365297939,5.446302913327182,10.944735095505791,1.4763558799946752,16.085103353053537,12.77841860695501,0.0,0.0,0.0,0.0,0.0,0.0,0.0,0.0,0.0,0.0,0.0,0.0,0.0,0.0,0.0,0.0,0.0,0.0,0.0,0.0,0.0,0.0,0.0,0.0
1771,10068,10065,0.9997020262216925,0.00022607828553400378,0.0002899283572679323,0.00016222821380007524,7.030064635629412,11.193063167406187,-4.292187686841224,11.477293188388884,5.5676686002361775,10.90883314642349,1.485951439078433,16.1386062806696,12.760408811962739,0.0,0.0,0.0,0.0,0.0,0.0,0.0,0.0,0.0,0.0,0.0,0.0,0.0,0.0,0.0,0.0,0.0,0.0,0.0,0.0,0.0,0.0,0.0,0.0
1774,11987,11985,0.9998331525819638,0.00016397314301530574,0.00022014190865926597,0.00010780437737134552,7.135474764622019,11.165370532454624,-4.017747731402796,11.516996450844571,5.896838414215312,10.813744614064676,1.4816359692104095,16.08156812490054,12.741839837173655,0.0,0.0,0.0,0.0,0.0,0.0,0.0,0.0,0.0,0.0,0.0,0.0,0.0,0.0,0.0,0.0,0.0,0.0,0.0,0.0,0.0,0.0,0.0,0.0
1780,45915,45883,0.999303060002178,0.00013444427645104007,0.00014629253463449565,0.00012259601826758448,4.800425165644248,12.078037378235397,-1.6184504036832357,12.414547668011192,4.519369431875224,11.7415270884596,1.2731456285186236,13.405888564339826,11.574655698080347,0.0,0.0,0.0,0.0,0.0,0.0,0.0,0.0,0.0,0.0,0.0,0.0,0.0,0.0,0.0,0.0,0.0,0.0,0.0,0.0,0.0,0.0,0.0,0.0
1781,183290,183140,0.9991816247476676,6.960028147456887e-05,7.243756262931278e-05,6.676300031982496e-05,4.4112984146785506,12.033614422938735,-1.3894237674653733,12.32438777201816,4.186771464714527,11.74284107385931,1.2796551852963258,13.163309447455287,11.330289149279507,0.0,0.0,0.0,0.0,0.0,0.0,0.0,0.0,0.0,0.0,0.0,0.0,0.0,0.0,0.0,0.0,0.0,0.0,0.0,0.0,0.0,0.0,0.0,0.0
1784,482531,4650,0.00963668655485347,0.00014176542477158365,0.00014074082903681347,0.00014279002050635384,2.3873939354840235,64.14713920750309,-1.0648661209278618,66.18833787549444,2.136752196134578,62.105940539511735,1.2768112392780933,13.109869787765518,11.309319032157342,0.0,0.0,0.0,0.0,0.0,0.0,0.0,0.0,0.0,0.0,0.0,0.0,0.0,0.0,0.0,0.0,0.0,0.0,0.0,0.0,0.0,0.0,0.0,0.0
1790,259745,259694,0.9998036535833221,2.947851931250911e-05,3.1539526010870844e-05,2.7417512614147377e-05,0.4934458447350489,11.405943250484029,0.3683091003486903,11.717093827467489,-0.3283857613944678,11.094792673500567,1.486192687025338,16.061765816915063,12.703177865421582,0.0,0.0,0.0,0.0,0.0,0.0,0.0,0.0,0.0,0.0,0.0,0.0,0.0,0.0,0.0,0.0,0.0,0.0,0.0,0.0,0.0,0.0,0.0,0.0
1794,245683,245494,0.9992307160039563,5.8031163400140695e-05,6.01390143462055e-05,5.592331245407589e-05,2.7821715971331726,11.498102645479314,1.040702746498278,11.804474946045527,-2.580197005913597,11.191730344913102,1.4699538305637816,15.098444678378609,12.056401766255865,0.0,0.0,0.0,0.0,0.0,0.0,0.0,0.0,0.0,0.0,0.0,0.0,0.0,0.0,0.0,0.0,0.0,0.0,0.0,0.0,0.0,0.0,0.0,0.0
1795,41433,41423,0.9997586464895132,8.904554860655889e-05,0.00010302773199788451,7.506336521523327e-05,3.469432704668725,11.451277607784583,1.2621640207720786,11.783842085499856,-3.2317031542042045,11.118713130069311,1.4847813833344183,15.695189013095993,12.434746764467432,0.0,0.0,0.0,0.0,0.0,0.0,0.0,0.0,0.0,0.0,0.0,0.0,0.0,0.0,0.0,0.0,0.0,0.0,0.0,0.0,0.0,0.0,0.0,0.0
1796,34211,34197,0.999590774896963,0.00012466742424999122,0.00014123949737954167,0.00010809535112044077,3.7649928761226867,11.43696361608754,1.2283493255233062,11.735847680605726,-3.558978686609547,11.138079551569355,1.485518355505003,15.674705114544885,12.419901003007674,0.0,0.0,0.0,0.0,0.0,0.0,0.0,0.0,0.0,0.0,0.0,0.0,0.0,0.0,0.0,0.0,0.0,0.0,0.0,0.0,0.0,0.0,0.0,0.0
1797,30762,30753,0.9997074312463429,0.00011469518787610156,0.00013366363637301593,9.572673937918719e-05,3.928002260401412,11.408877734864461,1.2372734240323748,11.751761264677455,-3.728049923472298,11.065994205051465,1.4862609471933736,15.676001671340043,12.413472074693463,0.0,0.0,0.0,0.0,0.0,0.0,0.0,0.0,0.0,0.0,0.0,0.0,0.0,0.0,0.0,0.0,0.0,0.0,0.0,0.0,0.0,0.0,0.0,0.0
1798,49402,49387,0.9996963685680742,8.898236068755061e-05,0.00010041521125780939,7.754951011729183e-05,3.967647316628273,11.46013436066309,1.5928567979774693,11.788545867873465,-3.6338729270964465,11.131722853452715,1.4850712389290854,15.66543138566304,12.415102044952473,0.0,0.0,0.0,0.0,0.0,0.0,0.0,0.0,0.0,0.0,0.0,0.0,0.0,0.0,0.0,0.0,0.0,0.0,0.0,0.0,0.0,0.0,0.0,0.0
1799,31521,31510,0.9996510262999271,0.00012190367386899492,0.00014016271129169144,0.0001036446364462984,4.301315656405113,11.345518947340482,1.5726752650823337,11.725287451410198,-4.00349957994677,10.965750443270766,1.4832469009034106,15.648257800783236,12.410674432088728,0.0,0.0,0.0,0.0,0.0,0.0,0.0,0.0,0.0,0.0,0.0,0.0,0.0,0.0,0.0,0.0,0.0,0.0,0.0,0.0,0.0,0.0,0.0,0.0
1800,28000,27990,0.9996428571428572,0.00013175734838893893,0.00015244268898750857,0.0001110720077903693,4.572343717162994,11.589577992992336,1.554146004291275,11.903655018973906,-4.300111308469279,11.275500967010768,1.4860881053254977,15.679041501526127,12.415853491868251,0.0,0.0,0.0,0.0,0.0,0.0,0.0,0.0,0.0,0.0,0.0,0.0,0.0,0.0,0.0,0.0,0.0,0.0,0.0,0.0,0.0,0.0,0.0,0.0
1801,268688,267881,0.9969965164056452,0.00010750799336117778,0.00010939194528003515,0.0001056240414423204,4.7902541231350755,11.798933045383022,1.8176231612111158,12.118753967651903,-4.432017667839503,11.47911212311414,1.4243245851151316,14.247065016789142,11.561991926976228,0.0,0.0,0.0,0.0,0.0,0.0,0.0,0.0,0.0,0.0,0.0,0.0,0.0,0.0,0.0,0.0,0.0,0.0,0.0,0.0,0.0,0.0,0.0,0.0
1802,317452,317378,0.99976689389262,2.8717657076571257e-05,3.0385092510520906e-05,2.7050221642621608e-05,15.450722476460847,11.845000605158344,14.244894082264278,12.220297052188188,-5.983963371352179,11.469704158128499,1.4528128554121544,12.745585742409633,10.094052100331306,0.0,0.0,0.0,0.0,0.0,0.0,0.0,0.0,0.0,0.0,0.0,0.0,0.0,0.0,0.0,0.0,0.0,0.0,0.0,0.0,0.0,0.0,0.0,0.0
1803,268830,268641,0.999296953465015,5.303623139057967e-05,5.4962844388661836e-05,5.11096183924975e-05,29.62085755560461,12.047756061037038,28.238450936836042,12.37757453059065,-8.943438433696643,11.717937591483425,1.4105361598384853,9.698885397024933,7.748452088452089,0.0,0.0,0.0,0.0,0.0,0.0,0.0,0.0,0.0,0.0,0.0,0.0,0.0,0.0,0.0,0.0,0.0,0.0,0.0,0.0,0.0,0.0,0.0,0.0
1805,74278,74246,0.9995691860308571,8.311753100676e-05,9.04454057917281e-05,7.57896562217919e-05,34.14701097214609,11.836131372796764,31.786047218261555,12.147020210684015,-12.476600521388514,11.525242534909511,1.4519111869755328,8.994533607247368,7.091127657180313,0.0,0.0,0.0,0.0,0.0,0.0,0.0,0.0,0.0,0.0,0.0,0.0,0.0,0.0,0.0,0.0,0.0,0.0,0.0,0.0,0.0,0.0,0.0,0.0
1808,267522,267484,0.9998579556073893,2.4974902767149754e-05,2.699702227570988e-05,2.2952783258589626e-05,12.270681538123904,11.763202973378611,4.340927155426281,12.207622263384911,-11.477193770314132,11.318783683372313,1.482969550499316,16.24780674059769,12.863294118868211,0.0,0.0,0.0,0.0,0.0,0.0,0.0,0.0,0.0,0.0,0.0,0.0,0.0,0.0,0.0,0.0,0.0,0.0,0.0,0.0,0.0,0.0,0.0,0.0
1809,57593,57586,0.9998784574514263,5.516989999010402e-05,6.549656523691105e-05,4.484323474329699e-05,8.728857562403325,11.519959125772544,0.5370148360770767,11.875600902541985,-8.712322848159316,11.164317349003106,1.4845972173216144,16.160974770784538,12.788768043348362,0.0,0.0,0.0,0.0,0.0,0.0,0.0,0.0,0.0,0.0,0.0,0.0,0.0,0.0,0.0,0.0,0.0,0.0,0.0,0.0,0.0,0.0,0.0,0.0
1810,94971,94943,0.9997051731581219,6.117300223318356e-05,6.693797343770846e-05,5.5408031028658655e-05,6.1843063221219845,11.654330346587987,-1.5991229046247806,11.954824620869768,-5.973981136707946,11.353836072306203,1.4353963798151717,16.120922760903383,12.953218421557986,0.0,0.0,0.0,0.0,0.0,0.0,0.0,0.0,0.0,0.0,0.0,0.0,0.0,0.0,0.0,0.0,0.0,0.0,0.0,0.0,0.0,0.0,0.0,0.0
1811,276336,276143,0.9993015748943316,5.211937250321208e-05,5.399298377906092e-05,5.024576122736324e-05,4.413095445304437,11.741229539493263,-2.780679711267644,12.037211405447076,-3.426839907657091,11.44524767353945,1.405156314007187,15.719567734825603,12.765814621655997,0.0,0.0,0.0,0.0,0.0,0.0,0.0,0.0,0.0,0.0,0.0,0.0,0.0,0.0,0.0,0.0,0.0,0.0,0.0,0.0,0.0,0.0,0.0,0.0
1812,276836,276591,0.9991149994942854,5.837704010047684e-05,6.0239249576987675e-05,5.6514830623966006e-05,6.133147928469835,11.594695559385542,-6.132743320280112,11.911608637494487,-0.07044771148518897,11.277782481276597,1.3984872603347402,11.883573694524243,9.654441758762847,0.0,0.0,0.0,0.0,0.0,0.0,0.0,0.0,0.0,0.0,0.0,0.0,0.0,0.0,0.0,0.0,0.0,0.0,0.0,0.0,0.0,0.0,0.0,0.0
1813,230151,228970,0.9948685862759666,0.00015121247267835258,0.0001533959074746516,0.00014902903788205357,6.5815796180297115,11.83976179968911,-6.526461876418992,12.109168771978045,0.8499915553190043,11.570354827400175,1.3014004330335254,11.546576360943007,9.601983251352907,0.0,0.0,0.0,0.0,0.0,0.0,0.0,0.0,0.0,0.0,0.0,0.0,0.0,0.0,0.0,0.0,0.0,0.0,0.0,0.0,0.0,0.0,0.0,0.0
1814,66597,66590,0.9998948901602174,4.771127834513056e-05,5.664206169386787e-05,3.8780494996393244e-05,17.571957621076418,11.144334524914871,-17.51818948691287,11.440128762450627,1.373583538602944,10.848540287379114,1.5094948049179362,20.56159640075065,16.297097086602466,0.0,0.0,0.0,0.0,0.0,0.0,0.0,0.0,0.0,0.0,0.0,0.0,0.0,0.0,0.0,0.0,0.0,0.0,0.0,0.0,0.0,0.0,0.0,0.0
1815,259265,259252,0.9999498582531386,1.5931008535807756e-05,1.8129026308710827e-05,1.3732990762904684e-05,30.35814351986323,11.237097787191683,-30.354659167875624,11.553528947898029,0.45993996860245695,10.920666626485335,1.5232275806877413,24.466381834174452,19.489518061686873,0.0,0.0,0.0,0.0,0.0,0.0,0.0,0.0,0.0,0.0,0.0,0.0,0.0,0.0,0.0,0.0,0.0,0.0,0.0,0.0,0.0,0.0,0.0,0.0
1816,180334,180308,0.9998558230838334,3.1153672817918476e-05,3.4200553093555186e-05,2.8106792542281767e-05,42.52035229509857,11.24000629309173,-42.44107873279402,11.546634632469484,-2.5952254807768447,10.933377953713975,1.5334503398806487,28.95925475046959,23.24057709031405,0.0,0.0,0.0,0.0,0.0,0.0,0.0,0.0,0.0,0.0,0.0,0.0,0.0,0.0,0.0,0.0,0.0,0.0,0.0,0.0,0.0,0.0,0.0,0.0
1817,257096,257001,0.9996304882222983,3.9906289646174375e-05,4.1951298233922074e-05,3.786128105842668e-05,56.28783369891176,11.3656324544658,-55.909300671366694,11.681554054205787,-6.51692572882812,11.049710854725813,1.544575502365643,34.5569001244576,27.954974134241095,0.0,0.0,0.0,0.0,0.0,0.0,0.0,0.0,0.0,0.0,0.0,0.0,0.0,0.0,0.0,0.0,0.0,0.0,0.0,0.0,0.0,0.0,0.0,0.0
1819,266099,263070,0.9886170184780853,0.00020766214598827437,0.00020951673293090334,0.0002058075590456454,11.53753153097986,11.694448505708586,-11.199461030193342,12.019773694531175,2.7724910210017195,11.369123316885998,1.3474006860856302,12.912915630168287,10.764072450019189,0.0,0.0,0.0,0.0,0.0,0.0,0.0,0.0,0.0,0.0,0.0,0.0,0.0,0.0,0.0,0.0,0.0,0.0,0.0,0.0,0.0,0.0,0.0,0.0
1820,236047,235959,0.9996271928895517,4.191508826828505e-05,4.414669511876301e-05,3.968348141780709e-05,8.923963820116654,11.795215980626043,-8.294233436926238,12.082749168806796,3.2928440528706773,11.507682792445292,1.3167545668523937,13.267032470949617,11.281509665864087,0.0,0.0,0.0,0.0,0.0,0.0,0.0,0.0,0.0,0.0,0.0,0.0,0.0,0.0,0.0,0.0,0.0,0.0,0.0,0.0,0.0,0.0,0.0,0.0
1822,535444,535279,0.9996918445252911,2.4947443438616546e-05,2.591788996286759e-05,2.39769969143655e-05,9.395114624625073,11.831288509569987,-8.691961726406664,12.153651387722421,3.566227720789239,11.50892563141755,1.3111423644518794,13.399996492138662,11.4207869771383,0.0,0.0,0.0,0.0,0.0,0.0,0.0,0.0,0.0,0.0,0.0,0.0,0.0,0.0,0.0,0.0,0.0,0.0,0.0,0.0,0.0,0.0,0.0,0.0
1823,610454,610309,0.999762471865202,2.0566314485548354e-05,2.141977095615477e-05,1.9712858014941936e-05,10.731186357254918,11.866258094176175,-9.689723026431661,12.145706046142452,4.611683890421601,11.586810142209897,1.3045283961057883,13.502840717334074,11.536929598615854,0.0,0.0,0.0,0.0,0.0,0.0,0.0,0.0,0.0,0.0,0.0,0.0,0.0,0.0,0.0,0.0,0.0,0.0,0.0,0.0,0.0,0.0,0.0,0.0
1824,612316,612204,0.9998170879088575,1.8122465934189425e-05,1.8978109154077494e-05,1.7266822714301355e-05,11.290462336094551,11.840213918661224,-9.929118484596094,12.152479623156829,5.3746763513370555,11.527948214165617,1.3024996514241365,13.620528688135536,11.641655349159938,0.0,0.0,0.0,0.0,0.0,0.0,0.0,0.0,0.0,0.0,0.0,0.0,0.0,0.0,0.0,0.0,0.0,0.0,0.0,0.0,0.0,0.0,0.0,0.0
1825,604468,604355,0.9998130587557985,1.843569223225483e-05,1.9302263688292243e-05,1.7569120776217417e-05,11.790150532248619,11.727788309757393,-10.264356613582022,12.024939239778357,5.80091655536411,11.43063737973643,1.3198318042068975,13.760904729944125,11.678952587379772,0.0,0.0,0.0,0.0,0.0,0.0,0.0,0.0,0.0,0.0,0.0,0.0,0.0,0.0,0.0,0.0,0.0,0.0,0.0,0.0,0.0,0.0,0.0,0.0
1828,595464,595287,0.9997027528112531,2.3203646262459632e-05,2.407516423463818e-05,2.2332128290281084e-05,13.124224848100296,11.499732439187115,-10.909873532482337,11.797954260188474,7.295199611301573,11.201510618185756,1.378714950369263,13.838801071693974,11.499373715567623,0.0,0.0,0.0,0.0,0.0,0.0,0.0,0.0,0.0,0.0,0.0,0.0,0.0,0.0,0.0,0.0,0.0,0.0,0.0,0.0,0.0,0.0,0.0,0.0
1829,597202,596858,0.9994239804957117,3.1912591662075496e-05,3.277217552655198e-05,3.105300779759901e-05,12.707880881686396,11.336178556300155,-10.502567140282704,11.642051370126453,7.15446154277068,11.030305742473859,1.402515399808701,13.717971687973815,11.30729901881485,0.0,0.0,0.0,0.0,0.0,0.0,0.0,0.0,0.0,0.0,0.0,0.0,0.0,0.0,0.0,0.0,0.0,0.0,0.0,0.0,0.0,0.0,0.0,0.0
1833,413036,412500,0.9987022922941342,5.727116351467165e-05,5.850574042076673e-05,5.603658660857658e-05,11.995677544026412,11.358066083501509,-10.341632553490806,11.677678646250662,6.078397475390925,11.038453520752354,1.4139650158606574,13.352010989222261,10.969710956140567,0.0,0.0,0.0,0.0,0.0,0.0,0.0,0.0,0.0,0.0,0.0,0.0,0.0,0.0,0.0,0.0,0.0,0.0,0.0,0.0,0.0,0.0,0.0,0.0
1834,613747,609991,0.9938802144857735,0.00010043045889035485,0.00010124243614095807,9.961848163975162e-05,9.858194261972326,11.401634292312654,-8.918421366978146,11.709663843232992,4.200684995070654,11.093604741392317,1.3961185616417606,12.383361677267782,10.239703282297521,0.0,0.0,0.0,0.0,0.0,0.0,0.0,0.0,0.0,0.0,0.0,0.0,0.0,0.0,0.0,0.0,0.0,0.0,0.0,0.0,0.0,0.0,0.0,0.0
1838,101690,101615,0.9992624643524437,9.019704188933941e-05,9.53952566555838e-05,8.499882712309503e-05,7.415591395390496,11.997380203579656,7.405087283543883,12.337760703675503,-0.3945605992572715,11.65699970348381,1.2888068897394096,10.423011487252028,8.910477161571118,0.0,0.0,0.0,0.0,0.0,0.0,0.0,0.0,0.0,0.0,0.0,0.0,0.0,0.0,0.0,0.0,0.0,0.0,0.0,0.0,0.0,0.0,0.0,0.0
1839,80883,80838,0.9994436408145099,8.930085456698711e-05,9.594281257330195e-05,8.265889656067227e-05,7.432837364126823,11.99608224792659,7.399181941166276,12.339553701273067,-0.7065252175815403,11.652610794580115,1.288927515176672,10.411652677387124,8.89930978238455,0.0,0.0,0.0,0.0,0.0,0.0,0.0,0.0,0.0,0.0,0.0,0.0,0.0,0.0,0.0,0.0,0.0,0.0,0.0,0.0,0.0,0.0,0.0,0.0
1840,130828,130732,0.9992662121258447,7.879868029020409e-05,8.28134877970399e-05,7.478387278336829e-05,7.880832160464982,11.97937409940138,7.862588256595804,12.300328573800748,-0.5359304513282622,11.658419625002013,1.2890653714831648,10.419461826174087,8.90586516324617,0.0,0.0,0.0,0.0,0.0,0.0,0.0,0.0,0.0,0.0,0.0,0.0,0.0,0.0,0.0,0.0,0.0,0.0,0.0,0.0,0.0,0.0,0.0,0.0
1841,207525,207108,0.997990603541742,0.00010079338037882746,0.0001032540185901265,9.833274216752841e-05,7.504421093245282,12.107962504321055,7.395837974780287,12.431262149241627,-1.2719735042612124,11.78466285940048,1.256016313238322,10.264473198397505,8.880914088798075,0.0,0.0,0.0,0.0,0.0,0.0,0.0,0.0,0.0,0.0,0.0,0.0,0.0,0.0,0.0,0.0,0.0,0.0,0.0,0.0,0.0,0.0,0.0,0.0
1844,597920,596982,0.9984312282579609,5.2055586541310817e-05,5.290354826958943e-05,5.1207624813032204e-05,20.869590740546897,12.232265287100198,20.831854906836387,12.541023841540612,-1.2544476148638424,11.923506732659785,1.2589834528439736,8.005690515688359,6.895490337612951,0.0,0.0,0.0,0.0,0.0,0.0,0.0,0.0,0.0,0.0,0.0,0.0,0.0,0.0,0.0,0.0,0.0,0.0,0.0,0.0,0.0,0.0,0.0,0.0
1845,629901,627977,0.9969455517613085,7.037032699958035e-05,7.116894614134228e-05,6.957170785781841e-05,21.48554541852005,12.296586200239577,21.381921650460495,12.59476398681996,-2.107626263087621,11.998408413659197,1.2338938669649275,7.943043536655885,6.910169242783897,0.0,0.0,0.0,0.0,0.0,0.0,0.0,0.0,0.0,0.0,0.0,0.0,0.0,0.0,0.0,0.0,0.0,0.0,0.0,0.0,0.0,0.0,0.0,0.0
1846,207596,207374,0.9989306152334342,7.421523271428088e-05,7.670153154559767e-05,7.172893388296409e-05,22.88280408461223,12.228730135848947,22.613570808316062,12.54538929475994,-3.499876865265652,11.912070976937954,1.243483551911205,6.232072317812503,5.346720658707652,0.0,0.0,0.0,0.0,0.0,0.0,0.0,0.0,0.0,0.0,0.0,0.0,0.0,0.0,0.0,0.0,0.0,0.0,0.0,0.0,0.0,0.0,0.0,0.0
1847,161429,160243,0.9926531168501322,0.00021579693024176283,0.00021889589127943587,0.0002126979692040898,23.97153196436693,12.582246318070785,22.367439817666302,12.891503766456879,-8.621599661416754,12.272988869684692,1.1934918506648708,7.7140092536269,6.81098119838704,0.0,0.0,0.0,0.0,0.0,0.0,0.0,0.0,0.0,0.0,0.0,0.0,0.0,0.0,0.0,0.0,0.0,0.0,0.0,0.0,0.0,0.0,0.0,0.0
1849,612728,603058,0.9842181196224099,0.0001601370328876417,0.00016093202866818146,0.00015934203710710193,28.297927845075378,12.655379865325855,26.33342461901776,12.971521980836396,-10.359704057529916,12.339237749815316,1.1659808893880599,7.304245097045801,6.510108020543626,0.0,0.0,0.0,0.0,0.0,0.0,0.0,0.0,0.0,0.0,0.0,0.0,0.0,0.0,0.0,0.0,0.0,0.0,0.0,0.0,0.0,0.0,0.0,0.0
1850,598581,596478,0.9964866910242725,7.73646148259366e-05,7.820383410239717e-05,7.652539554947602e-05,21.466512571881726,12.435222984151627,16.40461467978957,12.781624871086485,-13.845568937620033,12.08882109721677,1.221603488573082,10.103382841678696,8.835731156025782,0.0,0.0,0.0,0.0,0.0,0.0,0.0,0.0,0.0,0.0,0.0,0.0,0.0,0.0,0.0,0.0,0.0,0.0,0.0,0.0,0.0,0.0,0.0,0.0
1851,604925,600494,0.9926751250154978,0.00011053477448524918,0.0001113560574713679,0.00010971349149913046,20.799956237369408,12.525081061829866,14.83184745885409,12.834602419274686,-14.582677409644841,12.215559704385045,1.1929840999069254,9.697742136411957,8.567238019483986,0.0,0.0,0.0,0.0,0.0,0.0,0.0,0.0,0.0,0.0,0.0,0.0,0.0,0.0,0.0,0.0,0.0,0.0,0.0,0.0,0.0,0.0,0.0,0.0
1852,606213,605645,0.9990630355996984,4.01514626053312e-05,4.0992722850519137e-05,3.9310202360143265e-05,16.5390650327767,12.391136868179606,4.238404776250554,12.749657683785207,-15.986763184305742,12.032616052574005,1.2612984007865116,13.154520960377276,11.399559469979977,0.0,0.0,0.0,0.0,0.0,0.0,0.0,0.0,0.0,0.0,0.0,0.0,0.0,0.0,0.0,0.0,0.0,0.0,0.0,0.0,0.0,0.0,0.0,0.0
1853,605420,605071,0.9994235406825014,3.170126453116984e-05,3.2549019223448994e-05,3.085350983889068e-05,14.455126943359804,12.167531378370853,0.6359112391810259,12.485121417565264,-14.44113263717669,11.849941339176443,1.2765431699647203,13.313608009800545,11.48527013337937,0.0,0.0,0.0,0.0,0.0,0.0,0.0,0.0,0.0,0.0,0.0,0.0,0.0,0.0,0.0,0.0,0.0,0.0,0.0,0.0,0.0,0.0,0.0,0.0
1876,942562,940823,0.9981550285286273,4.4762612130544444e-05,4.529792686547296e-05,4.422729739561593e-05,5.441661804592096,10.624519363294127,5.441640353404108,11.008576976068063,-0.015279390057257834,10.240461750520192,1.2982874412138388,13.491455676054708,11.59939600974433,0.0,0.0,0.0,0.0,0.0,0.0,0.0,0.0,0.0,0.0,0.0,0.0,0.0,0.0,0.0,0.0,0.0,0.0,0.0,0.0,0.0,0.0,0.0,0.0
1877,944630,942583,0.9978330139843113,4.840577640252697e-05,4.893907874592429e-05,4.7872474059129644e-05,3.211041353111316,10.621000633516328,3.2036679565278217,10.92963417583545,-0.21748148359757696,10.312367091197205,1.2763239004949263,10.712785124056445,9.239743981285942,0.0,0.0,0.0,0.0,0.0,0.0,0.0,0.0,0.0,0.0,0.0,0.0,0.0,0.0,0.0,0.0,0.0,0.0,0.0,0.0,0.0,0.0,0.0,0.0
1878,1091318,1088244,0.9971832224887704,5.122477851332574e-05,5.168486780371406e-05,5.076468922293742e-05,5.300908390798947,10.770439883260256,5.240356360853407,11.107350690687472,0.7989336511287474,10.433529075833038,1.2485929699033773,8.29494831752986,7.2087376499195575,0.0,0.0,0.0,0.0,0.0,0.0,0.0,0.0,0.0,0.0,0.0,0.0,0.0,0.0,0.0,0.0,0.0,0.0,0.0,0.0,0.0,0.0,0.0,0.0
1880,1804500,1799334,0.9971371571072319,4.0077100777857755e-05,4.035475632613306e-05,3.979944522958245e-05,9.00573769578234,11.884332919293085,2.548252643204537,11.583941977230454,-8.637691816199286,12.184723861355716,1.318215762002464,10.250695956379998,8.54877862086058,0.0,0.0,0.0,0.0,0.0,0.0,0.0,0.0,0.0,0.0,0.0,0.0,0.0,0.0,0.0,0.0,0.0,0.0,0.0,0.0,0.0,0.0,0.0,0.0
1884,2268184,2262043,0.9972925476945433,3.474570057626636e-05,3.496653737733446e-05,3.4524863775198256e-05,2.2580193858595483,11.172448580045621,1.4248992309163757,11.287633975368044,-1.7516602777512118,11.057263184723201,1.3182281280018406,10.271315071341832,8.56225994597129,0.0,0.0,0.0,0.0,0.0,0.0,0.0,0.0,0.0,0.0,0.0,0.0,0.0,0.0,0.0,0.0,0.0,0.0,0.0,0.0,0.0,0.0,0.0,0.0
1885,2590843,2583716,0.9972491578995717,3.2753986994205064e-05,3.294721620550334e-05,3.256075778290679e-05,2.108261993807767,11.18298057471678,0.009965082252927122,11.284889108735827,-2.1082384427929384,11.081072040697734,1.3170922339872448,10.259480201651801,8.557488339946808,0.0,0.0,0.0,0.0,0.0,0.0,0.0,0.0,0.0,0.0,0.0,0.0,0.0,0.0,0.0,0.0,0.0,0.0,0.0,0.0,0.0,0.0,0.0,0.0
1886,2200630,2191189,0.9957098649023234,4.431422440953625e-05,4.454083812910348e-05,4.4087610689969026e-05,1.6726006501199007,11.209467695962932,-0.005535688930045663,11.319664146326446,-1.6725914895543335,11.099271245599418,1.3225207083801356,10.477221213388683,8.7442003865728,0.0,0.0,0.0,0.0,0.0,0.0,0.0,0.0,0.0,0.0,0.0,0.0,0.0,0.0,0.0,0.0,0.0,0.0,0.0,0.0,0.0,0.0,0.0,0.0
1887,2184053,2175240,0.9959648415125457,4.31532426655723e-05,4.3381734660896676e-05,4.2924750670247924e-05,2.5787129838855103,11.198318400782323,0.6587895158427475,11.293829448174993,-2.4931419989794787,11.102807353389656,1.3049719940924382,7.779182822297384,6.477281645705987,0.0,0.0,0.0,0.0,0.0,0.0,0.0,0.0,0.0,0.0,0.0,0.0,0.0,0.0,0.0,0.0,0.0,0.0,0.0,0.0,0.0,0.0,0.0,0.0
1888,2337046,2326064,0.995300905502074,4.4978314463095526e-05,4.5191445008474496e-05,4.4765183917716556e-05,2.9998638893061043,11.27543878322361,1.4212988956801595,11.383690991770703,-2.641797267676137,11.167186574676515,1.3027915626456632,8.38172047453323,7.019538566665494,0.0,0.0,0.0,0.0,0.0,0.0,0.0,0.0,0.0,0.0,0.0,0.0,0.0,0.0,0.0,0.0,0.0,0.0,0.0,0.0,0.0,0.0,0.0,0.0
1889,2387500,2378760,0.9963392670157069,3.9320396851949546e-05,3.9529580611930015e-05,3.911121309196908e-05,3.5655208284954423,11.373688604941027,2.787317880271459,11.503037429875622,-2.2234652713172394,11.244339780006431,1.2727547234158754,7.5144132416807095,6.352860901044911,0.0,0.0,0.0,0.0,0.0,0.0,0.0,0.0,0.0,0.0,0.0,0.0,0.0,0.0,0.0,0.0,0.0,0.0,0.0,0.0,0.0,0.0,0.0,0.0
1890,2096625,2078919,0.9915549991057055,6.347652080046506e-05,6.371205752697673e-05,6.32409840739534e-05,3.242319572456413,11.383312640742409,1.7705197087813094,11.494343726735421,-2.71622829871697,11.272281554749396,1.2729787483038475,7.510393120100782,6.349168701338577,0.0,0.0,0.0,0.0,0.0,0.0,0.0,0.0,0.0,0.0,0.0,0.0,0.0,0.0,0.0,0.0,0.0,0.0,0.0,0.0,0.0,0.0,0.0,0.0
1894,2201400,2186996,0.9934568910693196,5.46019849683721e-05,5.482727041739022e-05,5.437669951935398e-05,4.668587166461712,11.698076229657797,2.082087334036705,11.731591698799205,-4.178590487747623,11.664560760516387,1.244072302381773,5.852631819311729,5.015033058589314,0.0,0.0,0.0,0.0,0.0,0.0,0.0,0.0,0.0,0.0,0.0,0.0,0.0,0.0,0.0,0.0,0.0,0.0,0.0,0.0,0.0,0.0,0.0,0.0
1895,2335289,2309153,0.9888082374387067,6.909755196832235e-05,6.930769639190704e-05,6.888740754473766e-05,5.184654435924843,11.814095011337104,2.0243311035793967,11.813947118076424,-4.773125307703138,11.814242904597783,1.2273421189365923,3.7442397166344827,3.2331951249535504,0.0,0.0,0.0,0.0,0.0,0.0,0.0,0.0,0.0,0.0,0.0,0.0,0.0,0.0,0.0,0.0,0.0,0.0,0.0,0.0,0.0,0.0,0.0,0.0
1896,2230687,2225236,0.9975563581981695,3.330321854527751e-05,3.3527974132363525e-05,3.30784629581915e-05,5.530640917114013,11.326422682994048,-3.011335948743355,11.322095328182074,-4.63894866945752,11.330750037806022,1.367230771548721,16.118869956264263,13.321112840024544,0.0,0.0,0.0,0.0,0.0,0.0,0.0,0.0,0.0,0.0,0.0,0.0,0.0,0.0,0.0,0.0,0.0,0.0,0.0,0.0,0.0,0.0,0.0,0.0
1897,2780362,2770545,0.9964691648065971,3.577591534198454e-05,3.595553440016719e-05,3.55962962838019e-05,5.387854227150278,11.3411939371228,0.23209055498361889,11.265835418659977,-5.382853067594221,11.416552455585624,1.3447738490744514,13.040380402886337,10.797245394922223,0.0,0.0,0.0,0.0,0.0,0.0,0.0,0.0,0.0,0.0,0.0,0.0,0.0,0.0,0.0,0.0,0.0,0.0,0.0,0.0,0.0,0.0,0.0,0.0
1898,3636359,3622180,0.9961007700284817,3.284059112551585e-05,3.2977710276438366e-05,3.2703471974593334e-05,7.275021449222419,11.554152941604428,-1.4697004245443428,11.321629150202293,-7.125020543741642,11.786676733006562,1.3596547253908933,19.280471036931246,16.081058202396985,0.0,0.0,0.0,0.0,0.0,0.0,0.0,0.0,0.0,0.0,0.0,0.0,0.0,0.0,0.0,0.0,0.0,0.0,0.0,0.0,0.0,0.0,0.0,0.0
1900,2962115,2955208,0.997668220173761,2.8211487861196094e-05,2.838065564403358e-05,2.8042320078358607e-05,6.897400177187331,11.365083115306707,0.30328281899488585,11.130031205935124,-6.8907291875364205,11.600135024678291,1.392584441630489,22.715070102601185,18.802607622760764,0.0,0.0,0.0,0.0,0.0,0.0,0.0,0.0,0.0,0.0,0.0,0.0,0.0,0.0,0.0,0.0,0.0,0.0,0.0,0.0,0.0,0.0,0.0,0.0
1902,572245,567902,0.9924105933647301,0.00011567457904793077,0.00011654236432634413,0.00011480679376951741,7.002436661921269,11.186297574809675,3.7789736348922074,10.927663985281319,-5.895208009138326,11.444931164338032,1.3581712585257288,11.006593219296107,9.081975320341027,0.0,0.0,0.0,0.0,0.0,0.0,0.0,0.0,0.0,0.0,0.0,0.0,0.0,0.0,0.0,0.0,0.0,0.0,0.0,0.0,0.0,0.0,0.0,0.0
1903,573592,560239,0.9767203866162708,0.00020010056424457634,0.00020093603082083078,0.0001992650976683219,11.542688107760242,12.092361860365433,8.375801846942464,11.588935224641912,-7.9422661862836685,12.595788496088954,1.248510413561165,6.3863644252569856,5.47358128885355,0.0,0.0,0.0,0.0,0.0,0.0,0.0,0.0,0.0,0.0,0.0,0.0,0.0,0.0,0.0,0.0,0.0,0.0,0.0,0.0,0.0,0.0,0.0,0.0
1904,405302,346428,0.8547404157887205,0.0005550663832427638,0.0005559443328940761,0.0005541884335914515,5.341249444159356,11.041541141702925,-1.7168637182925695,10.96134996014717,-5.057798394315776,11.12173232325868,1.318299601070382,8.389400528007272,6.949872465014798,0.0,0.0,0.0,0.0,0.0,0.0,0.0,0.0,0.0,0.0,0.0,0.0,0.0,0.0,0.0,0.0,0.0,0.0,0.0,0.0,0.0,0.0,0.0,0.0
1905,578164,564675,0.9766692495554894,0.00019951699775894172,0.00020034575058114346,0.00019868824493673998,8.537160540187513,11.720516823779963,5.940724656455214,11.437319044774116,-6.131141871227562,12.003714602785811,1.2474324414896139,6.383474583197925,5.477208869545544,0.0,0.0,0.0,0.0,0.0,0.0,0.0,0.0,0.0,0.0,0.0,0.0,0.0,0.0,0.0,0.0,0.0,0.0,0.0,0.0,0.0,0.0,0.0,0.0
1906,516028,509693,0.9877235343818552,0.00015436050352873876,0.00015531244092692464,0.00015340856613055287,10.410353802921076,11.915449433786318,5.21738952012033,11.468257122573851,-9.008568859554321,12.362641744998784,1.0670570427547457,2.0911116559530085,1.8658625082078553,0.0,0.0,0.0,0.0,0.0,0.0,0.0,0.0,0.0,0.0,0.0,0.0,0.0,0.0,0.0,0.0,0.0,0.0,0.0,0.0,0.0,0.0,0.0,0.0
1912,1222858,1220705,0.9982393703929647,3.8345489077273864e-05,3.8757675883904774e-05,3.7933302270642955e-05,1.5982441104962264,11.501022183773237,1.0405451184445509,11.50482397802268,1.213115861415178,11.497220389523795,1.2954788082088695,13.383102846829841,11.51581827225999,0.0,0.0,0.0,0.0,0.0,0.0,0.0,0.0,0.0,0.0,0.0,0.0,0.0,0.0,0.0,0.0,0.0,0.0,0.0,0.0,0.0,0.0,0.0,0.0
1913,1263424,1022740,0.8094986322881313,0.00034998743847813873,0.00035023289366697963,0.00034974198328929784,1.1666084788032305,11.302613223082327,-0.4368147799226424,11.31549549940823,1.081743126096358,11.289730946756423,1.1453105774105181,8.79115804196248,8.003772489958406,0.0,0.0,0.0,0.0,0.0,0.0,0.0,0.0,0.0,0.0,0.0,0.0,0.0,0.0,0.0,0.0,0.0,0.0,0.0,0.0,0.0,0.0,0.0,0.0
1915,1291990,1289301,0.9979187145411342,4.050836425545379e-05,4.0897807157436183e-05,4.011892135347139e-05,2.6518957174813043,11.570748906590008,2.6217219789536186,11.60519522526622,0.39890445155099863,11.536302587913799,1.2775701004141389,10.531744854068009,9.078025183421593,0.0,0.0,0.0,0.0,0.0,0.0,0.0,0.0,0.0,0.0,0.0,0.0,0.0,0.0,0.0,0.0,0.0,0.0,0.0,0.0,0.0,0.0,0.0,0.0
1916,1253691,1250289,0.9972864126806367,4.689054399309445e-05,4.729094994027072e-05,4.649013804591817e-05,20.534550157775804,11.694285148156338,19.315288948490423,11.776249335481364,6.97046361575283,11.612320960831312,1.2487463055991697,8.134600834406928,7.063508808359862,0.0,0.0,0.0,0.0,0.0,0.0,0.0,0.0,0.0,0.0,0.0,0.0,0.0,0.0,0.0,0.0,0.0,0.0,0.0,0.0,0.0,0.0,0.0,0.0
1917,1229715,1224287,0.995585969106663,6.022570011832151e-05,6.063179754423054e-05,5.981960269241249e-05,3.832154865689569,11.804581751444221,3.8300530257673673,11.890606944530552,-0.1269044303342939,11.718556558357891,1.2132183607671225,6.00937556144265,5.27936716634382,0.0,0.0,0.0,0.0,0.0,0.0,0.0,0.0,0.0,0.0,0.0,0.0,0.0,0.0,0.0,0.0,0.0,0.0,0.0,0.0,0.0,0.0,0.0,0.0
1918,1249889,1239175,0.9914280388098463,8.291196522741684e-05,8.330738811579419e-05,8.251654233903949e-05,0.3361350773881974,11.872339088765571,0.11366527565050111,11.926149599750623,0.3163336772493012,11.81852857778052,1.178427829173526,5.805516936183991,5.167086144364685,0.0,0.0,0.0,0.0,0.0,0.0,0.0,0.0,0.0,0.0,0.0,0.0,0.0,0.0,0.0,0.0,0.0,0.0,0.0,0.0,0.0,0.0,0.0,0.0
1919,1265282,1244114,0.9832701326660777,0.00011449082541642452,0.00011487442355717636,0.00011410722727567268,1.6637721478244905,11.942191105142594,1.6201041755441254,11.99175208603676,0.3786822154009975,11.892630124248429,1.151134870926179,5.564879383569494,5.003489441462801,0.0,0.0,0.0,0.0,0.0,0.0,0.0,0.0,0.0,0.0,0.0,0.0,0.0,0.0,0.0,0.0,0.0,0.0,0.0,0.0,0.0,0.0,0.0,0.0
1920,1288748,1282503,0.9951542116845186,6.15987099851778e-05,6.198569142901178e-05,6.121172854134382e-05,34.440470422651806,11.740635469782571,33.58606518728439,11.786697137053176,7.623793554985438,11.694573802511965,1.2202583824793383,5.980327157928026,5.2307547552343,0.0,0.0,0.0,0.0,0.0,0.0,0.0,0.0,0.0,0.0,0.0,0.0,0.0,0.0,0.0,0.0,0.0,0.0,0.0,0.0,0.0,0.0,0.0,0.0
1921,1209279,1202362,0.9942800627481334,6.903657347623327e-05,6.944812942788481e-05,6.862501752458172e-05,1.2637948341776621,11.803697344870042,1.260085747862946,11.85463299286472,-0.09675376440648131,11.752761696875362,1.2007327820578193,5.3946765119823565,4.7605266136335604,0.0,0.0,0.0,0.0,0.0,0.0,0.0,0.0,0.0,0.0,0.0,0.0,0.0,0.0,0.0,0.0,0.0,0.0,0.0,0.0,0.0,0.0,0.0,0.0
1922,1234465,1224685,0.9920775396629309,8.024963288977283e-05,8.065061514006544e-05,7.984865063948021e-05,38.044687623435,11.797599718618322,37.47432903663754,11.822803510078813,6.562996237891112,11.77239592715783,1.200997823236033,5.403563519058082,4.767415866759283,0.0,0.0,0.0,0.0,0.0,0.0,0.0,0.0,0.0,0.0,0.0,0.0,0.0,0.0,0.0,0.0,0.0,0.0,0.0,0.0,0.0,0.0,0.0,0.0
1923,1231985,1219188,0.9896126982065528,9.18092826999728e-05,9.220880772631279e-05,9.14097576736328e-05,1.3140772169616322,11.867667694401312,1.3116234726882277,11.923193919764142,-0.08026704199671768,11.812141469038485,1.1725615020533484,4.18703709741147,3.735072082931859,0.0,0.0,0.0,0.0,0.0,0.0,0.0,0.0,0.0,0.0,0.0,0.0,0.0,0.0,0.0,0.0,0.0,0.0,0.0,0.0,0.0,0.0,0.0,0.0
1924,1387869,1368259,0.9858704243700234,0.00010060936980593738,0.00010096101294521098,0.00010025772666666377,1.6006666060705386,11.86798502553328,1.5623647971965162,11.918950239749833,0.3480658332420249,11.817019811316728,1.1600819752192533,4.099626878990538,3.6753566439749314,0.0,0.0,0.0,0.0,0.0,0.0,0.0,0.0,0.0,0.0,0.0,0.0,0.0,0.0,0.0,0.0,0.0,0.0,0.0,0.0,0.0,0.0,0.0,0.0
1925,1332347,1312196,0.9848755616967652,0.00010617921693756305,0.00010654474692706195,0.00010581368694806415,49.50586380788055,11.838989905668306,49.20525227671751,11.891892685112778,5.447357134336293,11.786087126223833,1.183477334566502,4.232916179543586,3.759916494954813,0.0,0.0,0.0,0.0,0.0,0.0,0.0,0.0,0.0,0.0,0.0,0.0,0.0,0.0,0.0,0.0,0.0,0.0,0.0,0.0,0.0,0.0,0.0,0.0
1926,1273479,1270324,0.9975225347257395,4.447440505811473e-05,4.486890508803576e-05,4.40799050281937e-05,4.306729280956593,11.664368380765136,-4.271850423745938,11.792516397092788,0.5470018798784363,11.536220364437485,1.251158287158734,7.933143012068177,6.869845815968097,0.0,0.0,0.0,0.0,0.0,0.0,0.0,0.0,0.0,0.0,0.0,0.0,0.0,0.0,0.0,0.0,0.0,0.0,0.0,0.0,0.0,0.0,0.0,0.0
1927,762385,760705,0.9977963889635814,5.439625314013208e-05,5.5057742115227626e-05,5.373476416503653e-05,1.623105716091439,10.692988514378706,0.49379133609412146,10.714182009139531,1.5461701982663765,10.671795019617882,1.4086757313611704,9.830100684612422,7.881675592647557,0.0,0.0,0.0,0.0,0.0,0.0,0.0,0.0,0.0,0.0,0.0,0.0,0.0,0.0,0.0,0.0,0.0,0.0,0.0,0.0,0.0,0.0,0.0,0.0
1928,670559,667975,0.9961464986675296,7.645735320005453e-05,7.72051861588352e-05,7.570952024127386e-05,4.140577464851382,10.917424118280898,4.131321470371929,11.004581328974567,-0.2767031819098153,10.830266907587228,1.3522029652309884,7.501947129506708,6.107886164059144,0.0,0.0,0.0,0.0,0.0,0.0,0.0,0.0,0.0,0.0,0.0,0.0,0.0,0.0,0.0,0.0,0.0,0.0,0.0,0.0,0.0,0.0,0.0,0.0
1929,674787,668906,0.9912846572325785,0.00011396599232560423,0.00011469944628272888,0.00011323253836847957,0.403203560556856,11.197333511277911,0.3658642930533598,11.257259837067087,-0.16945922906201216,11.137407185488737,1.2812386369581181,6.877932108832026,5.794007224553406,0.0,0.0,0.0,0.0,0.0,0.0,0.0,0.0,0.0,0.0,0.0,0.0,0.0,0.0,0.0,0.0,0.0,0.0,0.0,0.0,0.0,0.0,0.0,0.0
1930,619252,586765,0.9475383204252873,0.0002843152313412034,0.00028504061837908434,0.00028358984430332246,2.825332145048817,11.017050620936981,2.8149179610423167,11.076874354099548,0.2423604803748212,10.957226887774413,1.5247552898829293,54.73074844422182,24.687242098122976,0.0,0.0,0.0,0.0,0.0,0.0,0.0,0.0,0.0,0.0,0.0,0.0,0.0,0.0,0.0,0.0,0.0,0.0,0.0,0.0,0.0,0.0,0.0,0.0
1938,343348,342677,0.9980457145519998,7.68844176671224e-05,7.836428612972846e-05,7.540454920451634e-05,1.140911451112209,10.587740995810357,1.112282074240085,10.621437017358001,-0.2539833195372098,10.55404497426271,1.4327041575026114,11.881030862458166,9.485656795647397,0.0,0.0,0.0,0.0,0.0,0.0,0.0,0.0,0.0,0.0,0.0,0.0,0.0,0.0,0.0,0.0,0.0,0.0,0.0,0.0,0.0,0.0,0.0,0.0
1939,672741,668829,0.9941849835226335,9.35057494161895e-05,9.42468578167821e-05,9.27646410155969e-05,2.823271197869933,11.09437387396238,2.8181746294040555,11.168971067012032,-0.16956419110543275,11.019776680912729,1.3115210220932039,8.311082282398141,6.893727572695733,0.0,0.0,0.0,0.0,0.0,0.0,0.0,0.0,0.0,0.0,0.0,0.0,0.0,0.0,0.0,0.0,0.0,0.0,0.0,0.0,0.0,0.0,0.0,0.0
1940,671103,669132,0.9970630439738758,6.684664160561127e-05,6.759630517017001e-05,6.609697804105252e-05,1.1786618547097552,10.821567414152643,1.1647294607817293,10.881413847960541,0.18069048379740962,10.761720980344744,1.3783063201488814,8.834925916888526,7.12422592665153,0.0,0.0,0.0,0.0,0.0,0.0,0.0,0.0,0.0,0.0,0.0,0.0,0.0,0.0,0.0,0.0,0.0,0.0,0.0,0.0,0.0,0.0,0.0,0.0
1941,471281,379672,0.8056170310281976,0.0005778696790332827,0.0005785199092113169,0.0005772194488552485,4.224576486652186,11.160206372302987,-4.20821174369774,11.36597749000203,-0.37148406665556294,10.954435254603945,1.322537661260729,12.430179525427606,10.468969789973835,0.0,0.0,0.0,0.0,0.0,0.0,0.0,0.0,0.0,0.0,0.0,0.0,0.0,0.0,0.0,0.0,0.0,0.0,0.0,0.0,0.0,0.0,0.0,0.0
1942,78610,73123,0.930199720137387,0.0009157687592408204,0.0009212843207906385,0.0009102531976910022,0.383779482892766,10.72426224891418,0.0536253549866859,10.739310165485824,0.3800144902395049,10.709214332342537,1.4069303368153157,14.123767121332538,11.55348871798647,0.0,0.0,0.0,0.0,0.0,0.0,0.0,0.0,0.0,0.0,0.0,0.0,0.0,0.0,0.0,0.0,0.0,0.0,0.0,0.0,0.0,0.0,0.0,0.0
1943,664663,662984,0.997473907829983,6.236554131622274e-05,6.312379820483383e-05,6.160728442761165e-05,0.9054159114836937,10.555871361199706,-0.4138798419028578,10.574278361243346,0.8052834589349971,10.537464361156069,1.4543994976952732,15.00448863203378,12.073449039713468,0.0,0.0,0.0,0.0,0.0,0.0,0.0,0.0,0.0,0.0,0.0,0.0,0.0,0.0,0.0,0.0,0.0,0.0,0.0,0.0,0.0,0.0,0.0,0.0
1944,1009495,987799,0.9785080659141452,0.00014492212337396948,0.00014539816428671415,0.0001444460824612248,0.39346300514171056,11.17961302554859,-0.18643746315299914,11.24070893801546,-0.3464883962677825,11.118517113081719,1.3320800036684843,11.099808276082442,9.418194060293438,0.0,0.0,0.0,0.0,0.0,0.0,0.0,0.0,0.0,0.0,0.0,0.0,0.0,0.0,0.0,0.0,0.0,0.0,0.0,0.0,0.0,0.0,0.0,0.0
1948,1017632,1016021,0.9984169129901576,3.992923639573043e-05,4.042555068661802e-05,3.943292210484284e-05,0.24661123145545819,11.188512769095325,-0.18065750692603072,11.226833846559387,0.167868891314766,11.150191691631262,1.3585649386839973,13.655424009088666,11.4713886434513,0.0,0.0,0.0,0.0,0.0,0.0,0.0,0.0,0.0,0.0,0.0,0.0,0.0,0.0,0.0,0.0,0.0,0.0,0.0,0.0,0.0,0.0,0.0,0.0
1950,993055,989984,0.9969075227454672,5.625853944335457e-05,5.67638770997414e-05,5.575320178696774e-05,0.23336971904032677,10.979231380748022,-0.14572168192990367,11.037393295318875,0.1822816973271893,10.921069466177169,1.4072611019237378,13.04952206082018,10.788909539174346,0.0,0.0,0.0,0.0,0.0,0.0,0.0,0.0,0.0,0.0,0.0,0.0,0.0,0.0,0.0,0.0,0.0,0.0,0.0,0.0,0.0,0.0,0.0,0.0
1951,994007,992527,0.9985110768837644,3.920387639189116e-05,3.971235390431982e-05,3.8695398879462495e-05,0.1408815683477935,11.39289736448374,0.018715973894265426,11.42661648851961,-0.13963283504005491,11.35917824044787,1.312439293232335,13.593941961843829,11.61383057632063,0.0,0.0,0.0,0.0,0.0,0.0,0.0,0.0,0.0,0.0,0.0,0.0,0.0,0.0,0.0,0.0,0.0,0.0,0.0,0.0,0.0,0.0,0.0,0.0
1953,1014818,1013357,0.9985603329858161,3.815676533136525e-05,3.865490596033361e-05,3.765862470239689e-05,0.2081316962600044,11.491226146855535,0.04867875492828406,11.528407971174436,-0.20235904182096434,11.454044322536632,1.28513128135527,13.418122087031191,11.586279834243745,0.0,0.0,0.0,0.0,0.0,0.0,0.0,0.0,0.0,0.0,0.0,0.0,0.0,0.0,0.0,0.0,0.0,0.0,0.0,0.0,0.0,0.0,0.0,0.0
1954,982527,972004,0.9892898617544352,0.00010442164021029487,0.00010492250004723314,0.00010392078037335661,0.4761377208435592,11.844288224964345,0.3233529747488818,11.888765762809328,0.3494996179270417,11.799810687119363,1.1676423957533213,5.221303311608549,4.667774480178854,0.0,0.0,0.0,0.0,0.0,0.0,0.0,0.0,0.0,0.0,0.0,0.0,0.0,0.0,0.0,0.0,0.0,0.0,0.0,0.0,0.0,0.0,0.0,0.0
1956,24060,22692,0.943142144638404,0.0015147016089351317,0.001533391811794349,0.0014960114060759144,0.5730142007561183,10.944958462667685,0.15294838340967223,10.931552100474295,0.5522246520036397,10.958364824861077,1.2451400027496449,6.794192856553658,5.810247061733371,0.0,0.0,0.0,0.0,0.0,0.0,0.0,0.0,0.0,0.0,0.0,0.0,0.0,0.0,0.0,0.0,0.0,0.0,0.0,0.0,0.0,0.0,0.0,0.0
1958,45312,44690,0.9862729519774012,0.0005580631345224463,0.000569020830553657,0.0005471054384912355,0.8252291044941191,11.101369058019388,0.8245612055656647,11.156551291627197,0.03319477640026291,11.04618682441158,1.296865731151112,8.962151229781172,6.353928651297559,0.0,0.0,0.0,0.0,0.0,0.0,0.0,0.0,0.0,0.0,0.0,0.0,0.0,0.0,0.0,0.0,0.0,0.0,0.0,0.0,0.0,0.0,0.0,0.0
1959,47544,47183,0.992407033484772,0.0004089672439889225,0.00041960695996290376,0.0003983275280149412,0.83229690219015,11.130398588843253,0.5992688516594299,11.229456583413075,0.5775768146542141,11.03134059427343,1.2906057741119707,7.531867527955402,6.319494963137525,0.0,0.0,0.0,0.0,0.0,0.0,0.0,0.0,0.0,0.0,0.0,0.0,0.0,0.0,0.0,0.0,0.0,0.0,0.0,0.0,0.0,0.0,0.0,0.0
1960,282012,279552,0.9912769669375772,0.00017699539331317293,0.0001787565831001814,0.00017523420352616448,0.7160470871932094,11.151011156297866,0.6832662213192847,11.192248004136424,0.2141744659896363,11.109774308459308,1.2884048451294563,7.498063042985275,6.302622750838671,0.0,0.0,0.0,0.0,0.0,0.0,0.0,0.0,0.0,0.0,0.0,0.0,0.0,0.0,0.0,0.0,0.0,0.0,0.0,0.0,0.0,0.0,0.0,0.0
1961,286404,283165,0.9886908004078155,0.00019946338191062507,0.00020118623066611718,0.00019774053315513296,1.3105046645211411,11.225587177210494,1.3057061871557822,11.279525706807382,-0.11204386888526309,11.171648647613607,1.2671609063219946,6.831115502295731,5.789601839361314,0.0,0.0,0.0,0.0,0.0,0.0,0.0,0.0,0.0,0.0,0.0,0.0,0.0,0.0,0.0,0.0,0.0,0.0,0.0,0.0,0.0,0.0,0.0,0.0
1965,3051331,3040693,0.9965136525666995,3.3928668088711866e-05,3.409231866069451e-05,3.376501751672922e-05,1.3033206526293193,11.038719151010206,-0.1988005448411245,11.071002931463703,1.2880695116883198,11.006435370556707,1.4049766347653527,18.64991009358762,15.048922427122898,0.0,0.0,0.0,0.0,0.0,0.0,0.0,0.0,0.0,0.0,0.0,0.0,0.0,0.0,0.0,0.0,0.0,0.0,0.0,0.0,0.0,0.0,0.0,0.0
1966,601632,600759,0.9985489468645284,4.994225974036537e-05,5.0785684003851195e-05,4.909883547687954e-05,0.42051151561364564,10.34700665227097,-0.3493022249181964,10.396469101951304,0.23413220716271194,10.297544202590636,1.5282420774310197,25.28731766492399,19.86434154536328,0.0,0.0,0.0,0.0,0.0,0.0,0.0,0.0,0.0,0.0,0.0,0.0,0.0,0.0,0.0,0.0,0.0,0.0,0.0,0.0,0.0,0.0,0.0,0.0
1967,603154,602294,0.9985741618226854,4.9450812325269045e-05,5.0292256317696626e-05,4.860936833284146e-05,0.6063227651568955,10.383174770853115,0.25919097171012406,10.405151645987454,0.5481307651751227,10.361197895718776,1.523036786391215,25.4613153474769,20.044459633955245,0.0,0.0,0.0,0.0,0.0,0.0,0.0,0.0,0.0,0.0,0.0,0.0,0.0,0.0,0.0,0.0,0.0,0.0,0.0,0.0,0.0,0.0,0.0,0.0
1968,615869,614953,0.9985126707140642,4.9953971770155814e-05,5.077751260584851e-05,4.913043093446312e-05,0.7240533210199948,10.361520459737093,0.6380787752003245,10.379180250307682,-0.3422114672522493,10.343860669166503,1.528686700094971,24.991879409370476,19.638214685464906,0.0,0.0,0.0,0.0,0.0,0.0,0.0,0.0,0.0,0.0,0.0,0.0,0.0,0.0,0.0,0.0,0.0,0.0,0.0,0.0,0.0,0.0,0.0,0.0
1969,622868,621895,0.9984378712664642,5.087950043214384e-05,5.169327137122259e-05,5.006572949306509e-05,0.4531562557937279,10.342720112700066,-0.3493790984246002,10.387226361370118,0.2885911255548308,10.298213864030014,1.5277499849779141,24.544633412193463,19.310283630956956,0.0,0.0,0.0,0.0,0.0,0.0,0.0,0.0,0.0,0.0,0.0,0.0,0.0,0.0,0.0,0.0,0.0,0.0,0.0,0.0,0.0,0.0,0.0,0.0
1970,619876,618973,0.9985432570385044,4.9284166082852465e-05,5.010252893977718e-05,4.846580322592775e-05,0.4012040747861244,10.352803169037593,-0.39992571085587375,10.369179588395115,-0.03200211588964336,10.336426749680072,1.521846450471818,23.835454312153736,18.82139192241111,0.0,0.0,0.0,0.0,0.0,0.0,0.0,0.0,0.0,0.0,0.0,0.0,0.0,0.0,0.0,0.0,0.0,0.0,0.0,0.0,0.0,0.0,0.0,0.0
1971,644708,643603,0.9982860457757621,5.23288452798365e-05,5.3114044701763063e-05,5.1543645857909937e-05,0.27490167893728357,10.50448882026113,-0.17310669098023923,10.552526055410409,0.21355328754296737,10.456451585111854,1.4996950625130296,22.71810869154619,18.09598553599563,0.0,0.0,0.0,0.0,0.0,0.0,0.0,0.0,0.0,0.0,0.0,0.0,0.0,0.0,0.0,0.0,0.0,0.0,0.0,0.0,0.0,0.0,0.0,0.0
1972,632264,630925,0.9978822137588096,5.864524123611048e-05,5.944416011827158e-05,5.7846322353949375e-05,0.7164829598365107,10.654566216432151,0.6596799365129727,10.693992688903961,-0.27958936513810256,10.615139743960343,1.4487953338708388,20.988106738776803,16.995940345878243,0.0,0.0,0.0,0.0,0.0,0.0,0.0,0.0,0.0,0.0,0.0,0.0,0.0,0.0,0.0,0.0,0.0,0.0,0.0,0.0,0.0,0.0,0.0,0.0
1973,627386,626442,0.998495344174081,4.976814773527405e-05,5.057634597827043e-05,4.8959949492277666e-05,0.2546592456700653,10.64034519913406,0.20457018952511713,10.669575633041779,0.1516653189193374,10.61111476522634,1.4415581947677814,24.55300836334061,19.812731100943996,0.0,0.0,0.0,0.0,0.0,0.0,0.0,0.0,0.0,0.0,0.0,0.0,0.0,0.0,0.0,0.0,0.0,0.0,0.0,0.0,0.0,0.0,0.0,0.0
1974,625863,624959,0.9985555944352039,4.8839585040871825e-05,4.9650132103007394e-05,4.8029037978736255e-05,0.884358730083583,10.281806800798732,-0.24986184958740792,10.338230929082393,0.848327424757568,10.225382672515071,1.5650253783274821,23.977330780720468,18.66262456594279,0.0,0.0,0.0,0.0,0.0,0.0,0.0,0.0,0.0,0.0,0.0,0.0,0.0,0.0,0.0,0.0,0.0,0.0,0.0,0.0,0.0,0.0,0.0,0.0
1975,614789,613933,0.9986076523815488,4.8404703599957966e-05,4.923031069592465e-05,4.757909650399128e-05,3.3845875779665824,10.413543967897848,3.0849018385206475,10.492753229690674,1.3924129127588645,10.33433470610502,1.5075397518287759,20.77563657579926,16.27387664973106,0.0,0.0,0.0,0.0,0.0,0.0,0.0,0.0,0.0,0.0,0.0,0.0,0.0,0.0,0.0,0.0,0.0,0.0,0.0,0.0,0.0,0.0,0.0,0.0
1976,604979,604024,0.9984214328100645,5.1904528138746464e-05,5.27424586969083e-05,5.106659758058463e-05,0.16517777502695274,10.709895242071559,0.05033231680622211,10.760475748667366,-0.1573224562730086,10.659314735475752,1.418242219625157,19.620691035796217,15.841041206769683,0.0,0.0,0.0,0.0,0.0,0.0,0.0,0.0,0.0,0.0,0.0,0.0,0.0,0.0,0.0,0.0,0.0,0.0,0.0,0.0,0.0,0.0,0.0,0.0
1977,612367,611462,0.9985221280702585,4.9942283843862345e-05,5.077063168124063e-05,4.911393600648406e-05,0.2618814494577556,10.22523538387946,0.23684473971424574,10.259735182681863,0.11174284245438801,10.190735585077055,1.5515561325739302,19.762534888907734,15.280484016123895,0.0,0.0,0.0,0.0,0.0,0.0,0.0,0.0,0.0,0.0,0.0,0.0,0.0,0.0,0.0,0.0,0.0,0.0,0.0,0.0,0.0,0.0,0.0,0.0
1978,626907,625955,0.9984814334502565,5.0013020111039364e-05,5.0821758757146895e-05,4.920428146493183e-05,1.0392315544359731,10.471503474444035,1.0205201831815511,10.540804852223161,0.19631805687328485,10.402202096664908,1.4852663385960745,16.628909033330693,13.014237458105718,0.0,0.0,0.0,0.0,0.0,0.0,0.0,0.0,0.0,0.0,0.0,0.0,0.0,0.0,0.0,0.0,0.0,0.0,0.0,0.0,0.0,0.0,0.0,0.0
1979,653172,652061,0.9982990697702903,5.178902818403497e-05,5.2564041863711886e-05,5.101401450435805e-05,0.7447404576411188,10.649441181919869,-0.6006335606532114,10.694416500665138,0.44031542678464963,10.6044658631746,1.4246741824152516,15.98933070746917,12.792636154861649,0.0,0.0,0.0,0.0,0.0,0.0,0.0,0.0,0.0,0.0,0.0,0.0,0.0,0.0,0.0,0.0,0.0,0.0,0.0,0.0,0.0,0.0,0.0,0.0
1980,634571,633043,0.9975920740153584,6.235660397579945e-05,6.315146930968574e-05,6.156173864191317e-05,0.8587622470169479,10.847454072542467,0.8006500253497273,10.902228777313514,0.3105352376286441,10.79267936777142,1.3834638682180105,15.280965547013116,12.415585728185942,0.0,0.0,0.0,0.0,0.0,0.0,0.0,0.0,0.0,0.0,0.0,0.0,0.0,0.0,0.0,0.0,0.0,0.0,0.0,0.0,0.0,0.0,0.0,0.0
1982,626573,625558,0.9983800770221507,5.164004467844707e-05,5.2448642877789275e-05,5.083144647910487e-05,0.6974864444236675,10.532447749623964,-0.03499687569447499,10.616981051130605,0.6966078946196312,10.447914448117324,1.4573370412409352,13.139985205833465,10.31943816846415,0.0,0.0,0.0,0.0,0.0,0.0,0.0,0.0,0.0,0.0,0.0,0.0,0.0,0.0,0.0,0.0,0.0,0.0,0.0,0.0,0.0,0.0,0.0,0.0
1983,658526,657252,0.9980653763101229,5.4946612896733527e-05,5.571421333649962e-05,5.4179012456967435e-05,1.6361860027652442,10.784409497558054,1.6283332762407652,10.84314891158175,-0.1601105153696154,10.725670083534357,1.3884515058410738,12.405228693558145,10.007903869752557,0.0,0.0,0.0,0.0,0.0,0.0,0.0,0.0,0.0,0.0,0.0,0.0,0.0,0.0,0.0,0.0,0.0,0.0,0.0,0.0,0.0,0.0,0.0,0.0
1984,638535,637537,0.9984370473035934,5.025456827445485e-05,5.1048213170146184e-05,4.946092337876351e-05,0.5017374296746595,10.316722464015047,-0.3599574783561974,10.362420739628062,0.3495297728548765,10.271024188402032,1.511097441808361,12.901798994215254,9.93434966811263,0.0,0.0,0.0,0.0,0.0,0.0,0.0,0.0,0.0,0.0,0.0,0.0,0.0,0.0,0.0,0.0,0.0,0.0,0.0,0.0,0.0,0.0,0.0,0.0
1985,634958,632593,0.9962753441959941,7.728609203289105e-05,7.807640860080234e-05,7.649577546497976e-05,0.7863218229847426,11.071437780053396,0.7116555906805425,11.129295505562208,-0.33443733277727394,11.013580054544583,1.3145488338924283,12.343385772825044,10.247803408942652,0.0,0.0,0.0,0.0,0.0,0.0,0.0,0.0,0.0,0.0,0.0,0.0,0.0,0.0,0.0,0.0,0.0,0.0,0.0,0.0,0.0,0.0,0.0,0.0
1986,642219,639787,0.9962131297890595,7.747368104521479e-05,7.825485389523212e-05,7.669250819519746e-05,0.9766963583797255,11.06199522567112,0.0957209748610567,11.094733670672722,-0.971994481179737,11.029256780669519,1.3142583040542224,12.346686897707306,10.251023842860578,0.0,0.0,0.0,0.0,0.0,0.0,0.0,0.0,0.0,0.0,0.0,0.0,0.0,0.0,0.0,0.0,0.0,0.0,0.0,0.0,0.0,0.0,0.0,0.0
1987,639723,630010,0.9848168660498372,0.00015376499827185475,0.00015452737859544818,0.0001530026179482613,1.0770033600050575,11.3806396296715,1.0008703446270355,11.413669569531871,-0.39773708741874003,11.347609689811126,1.2161255187946616,7.398192033326045,6.405286547114203,0.0,0.0,0.0,0.0,0.0,0.0,0.0,0.0,0.0,0.0,0.0,0.0,0.0,0.0,0.0,0.0,0.0,0.0,0.0,0.0,0.0,0.0,0.0,0.0
1990,637079,636121,0.9984962618450773,4.9367190840976516e-05,5.016300035665111e-05,4.857138132530192e-05,0.8984141147058036,10.263735719063092,-0.8808958910151525,10.31580669703047,-0.17655126931073972,10.211664741095714,1.5383778245290682,16.59224824531089,12.77441929710041,0.0,0.0,0.0,0.0,0.0,0.0,0.0,0.0,0.0,0.0,0.0,0.0,0.0,0.0,0.0,0.0,0.0,0.0,0.0,0.0,0.0,0.0,0.0,0.0
1991,492516,488287,0.9914134769225771,0.0001325717389851211,0.00013357806616276502,0.00013156541180747716,4.174419784716135,10.942863309228702,-4.17213659601507,11.034186844003353,-0.13804623580990674,10.851539774454052,1.3849809172731482,19.00648485495508,15.683244582485404,0.0,0.0,0.0,0.0,0.0,0.0,0.0,0.0,0.0,0.0,0.0,0.0,0.0,0.0,0.0,0.0,0.0,0.0,0.0,0.0,0.0,0.0,0.0,0.0
1992,651244,601941,0.9242941201761552,0.0003287700873064181,0.000329423684783281,0.0003281164898295552,1.752890969947748,11.042135120071446,-1.706788011389465,11.081732087626248,-0.3993763096398584,11.002538152516646,1.3415410117812108,17.570524189425075,14.684185693552177,0.0,0.0,0.0,0.0,0.0,0.0,0.0,0.0,0.0,0.0,0.0,0.0,0.0,0.0,0.0,0.0,0.0,0.0,0.0,0.0,0.0,0.0,0.0,0.0
1993,649617,636725,0.9801544602434973,0.00017392306908398103,0.00017466612639771562,0.00017318001177024644,0.914174975182134,11.26018392809658,-0.7884159625154324,11.313721281777921,0.4627268690060254,11.20664657441524,1.2746842596454144,15.313599419665357,13.041427634090313,0.0,0.0,0.0,0.0,0.0,0.0,0.0,0.0,0.0,0.0,0.0,0.0,0.0,0.0,0.0,0.0,0.0,0.0,0.0,0.0,0.0,0.0,0.0,0.0
1995,645804,641047,0.9926339880211333,0.00010724886634916331,0.00010801789760428449,0.00010647983509404213,0.9547645497929657,11.056845675582382,-0.6151152938028995,11.091215355561987,0.7302112850888686,11.022475995602777,1.3428750161201786,17.6646783425148,14.751828922874989,0.0,0.0,0.0,0.0,0.0,0.0,0.0,0.0,0.0,0.0,0.0,0.0,0.0,0.0,0.0,0.0,0.0,0.0,0.0,0.0,0.0,0.0,0.0,0.0
1997,599017,598115,0.9984941996637825,5.0971328255655646e-05,5.1818112877022315e-05,5.0124543634288976e-05,1.2893771699557093,10.402596689265934,-1.1909025937374844,10.446670285401382,0.4942109859486394,10.358523093130488,1.5324692786082654,30.783507863688616,24.429749113890924,0.0,0.0,0.0,0.0,0.0,0.0,0.0,0.0,0.0,0.0,0.0,0.0,0.0,0.0,0.0,0.0,0.0,0.0,0.0,0.0,0.0,0.0,0.0,0.0
1998,659013,657904,0.9983171803894612,5.1284935269013676e-05,5.205311787359612e-05,5.051675266443123e-05,3.9892293165418176,10.438237953131445,-3.908093795455913,10.540920711229894,0.8004707526672615,10.335555195032997,1.5408469947566683,36.21821649018919,28.968158293901773,0.0,0.0,0.0,0.0,0.0,0.0,0.0,0.0,0.0,0.0,0.0,0.0,0.0,0.0,0.0,0.0,0.0,0.0,0.0,0.0,0.0,0.0,0.0,0.0
1999,662615,661535,0.998370094247791,5.03461793379123e-05,5.111041797900562e-05,4.958194069681898e-05,4.382724313676903,10.48425392744932,-4.360982666124258,10.584655198908914,0.4360075635335217,10.383852655989728,1.546218072452856,41.67984782505562,33.62740439929915,0.0,0.0,0.0,0.0,0.0,0.0,0.0,0.0,0.0,0.0,0.0,0.0,0.0,0.0,0.0,0.0,0.0,0.0,0.0,0.0,0.0,0.0,0.0,0.0
2000,664188,663083,0.9983363144170024,5.079535186874873e-05,5.155759880826061e-05,5.003310492923685e-05,2.2278782499294585,10.496312016356274,-1.9610982345807666,10.523671719951023,1.0571353796146203,10.468952312761523,1.5486291932743927,46.19131822942025,37.54959235096812,0.0,0.0,0.0,0.0,0.0,0.0,0.0,0.0,0.0,0.0,0.0,0.0,0.0,0.0,0.0,0.0,0.0,0.0,0.0,0.0,0.0,0.0,0.0,0.0
2001,4570687,4560340,0.9977362265234964,2.2353536491659387e-05,2.2463063549582607e-05,2.2244009433736167e-05,4.398184003180612,10.502872228778035,4.07944883023983,10.646913725687263,1.6438125706079485,10.358830731868807,1.5369415973837397,21.542949877242677,16.611294068574956,0.0,0.0,0.0,0.0,0.0,0.0,0.0,0.0,0.0,0.0,0.0,0.0,0.0,0.0,0.0,0.0,0.0,0.0,0.0,0.0,0.0,0.0,0.0,0.0
2002,3044297,3037647,0.9978155876381313,2.693945460491287e-05,2.7104123258125945e-05,2.6774785951699798e-05,8.29624018587534,10.907571252337718,7.2616223438913545,10.737109777476189,-4.012037157907528,11.078032727199247,1.4629765203636558,21.452302911906813,16.957009275190572,0.0,0.0,0.0,0.0,0.0,0.0,0.0,0.0,0.0,0.0,0.0,0.0,0.0,0.0,0.0,0.0,0.0,0.0,0.0,0.0,0.0,0.0,0.0,0.0
2003,2596079,2590312,0.9977785729941192,2.943135912847339e-05,2.9624530851424247e-05,2.923818740552253e-05,0.38728992642160137,10.768814396679552,0.24397053826127602,10.822586688434198,0.30078541116243096,10.715042104924906,1.4487546398101516,21.329463191755156,16.93928276886324,0.0,0.0,0.0,0.0,0.0,0.0,0.0,0.0,0.0,0.0,0.0,0.0,0.0,0.0,0.0,0.0,0.0,0.0,0.0,0.0,0.0,0.0,0.0,0.0
2004,2684632,2678689,0.9977862887725394,2.8888861945797206e-05,2.9075646510667852e-05,2.870207738092656e-05,0.23987045553526443,10.797239004012553,-0.2395718199011549,10.836208751094258,-0.011965723878807536,10.75826925693085,1.4441449646991666,21.337775052884894,16.9703332381957,0.0,0.0,0.0,0.0,0.0,0.0,0.0,0.0,0.0,0.0,0.0,0.0,0.0,0.0,0.0,0.0,0.0,0.0,0.0,0.0,0.0,0.0,0.0,0.0
2005,2826224,2819742,0.997706480448825,2.8649929185942113e-05,2.8827278884979712e-05,2.8472579486904515e-05,7.857900182308281,10.996375573718254,7.282746415322397,10.7858672123073,-2.950965930882513,11.206883935129209,1.43897242284056,21.344283071317584,17.0013130155458,0.0,0.0,0.0,0.0,0.0,0.0,0.0,0.0,0.0,0.0,0.0,0.0,0.0,0.0,0.0,0.0,0.0,0.0,0.0,0.0,0.0,0.0,0.0,0.0
2006,2961358,2950174,0.9962233542854325,3.5835941991191333e-05,3.6004446096638e-05,3.566743788574467e-05,0.22165886183443642,10.83167624098293,0.13893578877347743,10.867858467058072,-0.17271218146856188,10.795494014907787,1.4451884561224044,18.623698158703466,14.779014593362252,0.0,0.0,0.0,0.0,0.0,0.0,0.0,0.0,0.0,0.0,0.0,0.0,0.0,0.0,0.0,0.0,0.0,0.0,0.0,0.0,0.0,0.0,0.0,0.0
2007,3039744,3028128,0.9961786255684689,3.557576252877226e-05,3.573989203153882e-05,3.5411633026005696e-05,0.6048875524279432,11.011512893212114,-0.2349319620167141,11.053467512011938,0.5574010444063098,10.969558274412291,1.4065869773217428,18.55582235038228,14.958382583976007,0.0,0.0,0.0,0.0,0.0,0.0,0.0,0.0,0.0,0.0,0.0,0.0,0.0,0.0,0.0,0.0,0.0,0.0,0.0,0.0,0.0,0.0,0.0,0.0
2008,2932117,2925585,0.9977722580647361,2.7721792993484762e-05,2.7892756263803165e-05,2.755082972316636e-05,0.23969878300371872,10.829143869258612,0.19446169888383777,10.866553351681,0.14014333462807085,10.791734386836222,1.426194170545514,17.9823393490345,14.279182325425376,0.0,0.0,0.0,0.0,0.0,0.0,0.0,0.0,0.0,0.0,0.0,0.0,0.0,0.0,0.0,0.0,0.0,0.0,0.0,0.0,0.0,0.0,0.0,0.0
2009,3002632,2991135,0.9961710259532304,3.5831239431349804e-05,3.599739893722642e-05,3.5665079925473187e-05,0.15946193996363053,10.904963100413623,-0.11556179774903849,10.952400347967806,0.10987984891678197,10.857525852859439,1.425060561007322,15.809044641636032,12.566676152642993,0.0,0.0,0.0,0.0,0.0,0.0,0.0,0.0,0.0,0.0,0.0,0.0,0.0,0.0,0.0,0.0,0.0,0.0,0.0,0.0,0.0,0.0,0.0,0.0
2010,3067791,3045309,0.9926715998580086,4.8890543015100985e-05,4.9051813210798656e-05,4.872927281940331e-05,18.297020166787654,11.281276784524934,18.296017515789735,11.08661589571652,0.19154645846180726,11.475937673333348,1.3827717194235125,15.63602697781136,12.654431632302163,0.0,0.0,0.0,0.0,0.0,0.0,0.0,0.0,0.0,0.0,0.0,0.0,0.0,0.0,0.0,0.0,0.0,0.0,0.0,0.0,0.0,0.0,0.0,0.0
2011,2863728,2855649,0.997178852181492,3.153752458662229e-05,3.171225366827013e-05,3.136279550497445e-05,29.0234801149817,11.105765690435923,28.905871786798475,10.902922801509769,2.6101674716205814,11.308608579362078,1.396552927740934,14.68572939388468,11.703002368353848,0.0,0.0,0.0,0.0,0.0,0.0,0.0,0.0,0.0,0.0,0.0,0.0,0.0,0.0,0.0,0.0,0.0,0.0,0.0,0.0,0.0,0.0,0.0,0.0
2012,3127858,3115651,0.9960973292265826,3.543670769645679e-05,3.559616936044119e-05,3.52772460324724e-05,0.20391458856437789,11.043113851725892,-0.19986747996571616,11.098963081947165,0.040424619745070806,10.987264621504616,1.394808723413546,13.23796174080825,10.622061934779898,0.0,0.0,0.0,0.0,0.0,0.0,0.0,0.0,0.0,0.0,0.0,0.0,0.0,0.0,0.0,0.0,0.0,0.0,0.0,0.0,0.0,0.0,0.0,0.0
2013,2923970,2912429,0.9960529690797101,3.686302749811299e-05,3.703361504603375e-05,3.6692439950192224e-05,0.8184858890751404,11.13291417856343,-0.7462637719224321,11.188023701429046,0.33616890595536536,11.077804655697815,1.3753048966866366,13.04676908494551,10.545974787109152,0.0,0.0,0.0,0.0,0.0,0.0,0.0,0.0,0.0,0.0,0.0,0.0,0.0,0.0,0.0,0.0,0.0,0.0,0.0,0.0,0.0,0.0,0.0,0.0
2014,2697178,2691021,0.9977172437265913,2.92632842524565e-05,2.944915316926977e-05,2.907741533564323e-05,1.4143586348616985,11.024370211922168,1.3952099006773557,11.083807187890258,0.2319475825692752,10.964933235954078,1.3443853329866515,11.220415439059622,9.028375046719217,0.0,0.0,0.0,0.0,0.0,0.0,0.0,0.0,0.0,0.0,0.0,0.0,0.0,0.0,0.0,0.0,0.0,0.0,0.0,0.0,0.0,0.0,0.0,0.0
2015,3068360,3054781,0.9955745088581522,3.808097606960992e-05,3.8243320695907634e-05,3.79186314433122e-05,0.6268072625462734,11.278419090838462,0.5716994675790498,11.343850004934056,0.25699623178284914,11.212988176742869,1.3368346180301096,10.430702742632006,8.536045588441208,0.0,0.0,0.0,0.0,0.0,0.0,0.0,0.0,0.0,0.0,0.0,0.0,0.0,0.0,0.0,0.0,0.0,0.0,0.0,0.0,0.0,0.0,0.0,0.0
2016,2852566,2838245,0.9949796078337889,4.204876772956334e-05,4.22231644492399e-05,4.187437100988678e-05,0.503896476128899,11.365657121109415,0.4492693928217479,11.434255247362842,-0.22818560719006822,11.29705899485599,1.3131039417582993,10.658664947500258,8.814374434727329,0.0,0.0,0.0,0.0,0.0,0.0,0.0,0.0,0.0,0.0,0.0,0.0,0.0,0.0,0.0,0.0,0.0,0.0,0.0,0.0,0.0,0.0,0.0,0.0
2017,3144571,3125643,0.9939807369590319,4.3806607939622655e-05,4.396440541754032e-05,4.364881046170499e-05,1.5467903636254565,11.450464948073595,1.5406834687487372,11.514631371231154,0.13731306612602825,11.386298524916036,1.2877492166237923,10.70259148551124,8.951156351029306,0.0,0.0,0.0,0.0,0.0,0.0,0.0,0.0,0.0,0.0,0.0,0.0,0.0,0.0,0.0,0.0,0.0,0.0,0.0,0.0,0.0,0.0,0.0,0.0
2018,2845776,2822676,0.9918827061581797,5.340068333520298e-05,5.35742492201452e-05,5.3227117450260764e-05,40.983336359093364,11.72857432427188,40.85628305309475,11.543727156010547,3.2245920994735195,11.913421492533214,1.2733773320947017,10.105801188124184,8.508440135731094,0.0,0.0,0.0,0.0,0.0,0.0,0.0,0.0,0.0,0.0,0.0,0.0,0.0,0.0,0.0,0.0,0.0,0.0,0.0,0.0,0.0,0.0,0.0,0.0
2020,2879434,2873366,0.9978926414010532,2.721584860615467e-05,2.7390022107054435e-05,2.7041675105254903e-05,4.255650469109794,10.840220235742308,-4.244359170175785,10.938890488096634,0.309800177177371,10.741549983387982,1.4434736478180858,24.74894967139695,19.79148075570122,0.0,0.0,0.0,0.0,0.0,0.0,0.0,0.0,0.0,0.0,0.0,0.0,0.0,0.0,0.0,0.0,0.0,0.0,0.0,0.0,0.0,0.0,0.0,0.0
2021,2683358,2677705,0.9978933112912999,2.8194705763595618e-05,2.838164965957013e-05,2.8007761867621106e-05,3.4994259590532364,10.779069214221055,-3.471124212921018,10.842773030356366,0.44416071569771653,10.715365398085744,1.4433237187553345,27.52511706884951,22.046274104767516,0.0,0.0,0.0,0.0,0.0,0.0,0.0,0.0,0.0,0.0,0.0,0.0,0.0,0.0,0.0,0.0,0.0,0.0,0.0,0.0,0.0,0.0,0.0,0.0
2022,2778233,2755563,0.9918401372383094,5.4187966965491e-05,5.436574273731676e-05,5.4010191193665236e-05,3.417675351764687,10.747344722040303,-3.4166129011089175,10.79966986302832,0.0852120533491851,10.695019581052286,1.413969919871365,28.06526016583464,22.560292977079715,0.0,0.0,0.0,0.0,0.0,0.0,0.0,0.0,0.0,0.0,0.0,0.0,0.0,0.0,0.0,0.0,0.0,0.0,0.0,0.0,0.0,0.0,0.0,0.0
2023,1668443,1664908,0.9978812581550583,3.5921120018156394e-05,3.622230102384716e-05,3.561993901246563e-05,2.071468244699253,10.723497457187296,-2.0578946656896915,10.769551832285437,-0.2367493056448482,10.677443082089153,1.353958642284116,24.736068721542132,19.99977642419491,0.0,0.0,0.0,0.0,0.0,0.0,0.0,0.0,0.0,0.0,0.0,0.0,0.0,0.0,0.0,0.0,0.0,0.0,0.0,0.0,0.0,0.0,0.0,0.0
2025,637664,634772,0.9954646961409144,8.498386752220366e-05,8.576878055843729e-05,8.419895448597003e-05,5.257414271699575,10.824355569084096,5.125070903273494,10.925935186157108,1.1722000941348616,10.722775952011084,1.432973527495145,20.76459380154162,16.903443629494276,0.0,0.0,0.0,0.0,0.0,0.0,0.0,0.0,0.0,0.0,0.0,0.0,0.0,0.0,0.0,0.0,0.0,0.0,0.0,0.0,0.0,0.0,0.0,0.0
2026,646253,425494,0.6584015857566619,0.0005910840598273848,0.0005913296986328476,0.000590838421021922,1.1982065725877202,11.021800564621568,0.9619622772195717,11.003129964195093,-0.7143721493724033,11.040471165048041,1.1253987225842987,8.809424010303518,7.8159504068035295,0.0,0.0,0.0,0.0,0.0,0.0,0.0,0.0,0.0,0.0,0.0,0.0,0.0,0.0,0.0,0.0,0.0,0.0,0.0,0.0,0.0,0.0,0.0,0.0
2027,563952,545677,0.9675947598377167,0.00023683300354521153,0.00023766597197283357,0.0002360000351175895,0.9397546051525926,11.320343007311656,0.03742614630630733,11.347195639200853,-0.9390090529266286,11.293490375422461,1.2331941108010676,17.551433120703756,15.116888835197885,0.0,0.0,0.0,0.0,0.0,0.0,0.0,0.0,0.0,0.0,0.0,0.0,0.0,0.0,0.0,0.0,0.0,0.0,0.0,0.0,0.0,0.0,0.0,0.0
2028,1190623,1150790,0.9665444057438837,0.00016532631908844353,0.00016571950266519586,0.0001649331355116912,14.379052635993562,11.65704776910124,11.72940948670677,11.511733129294155,-8.317337783319047,11.802362408908323,1.2678307212229585,15.024551751563028,12.807720449377962,0.0,0.0,0.0,0.0,0.0,0.0,0.0,0.0,0.0,0.0,0.0,0.0,0.0,0.0,0.0,0.0,0.0,0.0,0.0,0.0,0.0,0.0,0.0,0.0
2029,81919,40173,0.49039905272281153,0.0017538305535137744,0.0017537128437310479,0.0017539482632965009,0.37718436985457626,11.301814712044973,0.37517236231434264,11.400895840330474,-0.03890690707405825,11.20273358375947,1.328853510036637,17.32631919338629,14.474652795388415,0.0,0.0,0.0,0.0,0.0,0.0,0.0,0.0,0.0,0.0,0.0,0.0,0.0,0.0,0.0,0.0,0.0,0.0,0.0,0.0,0.0,0.0,0.0,0.0
2049,2499432,2460860,0.9845676937800268,7.821843868704992e-05,7.841297354393983e-05,7.802390383016e-05,1.0090848881705283,11.312038472032068,-1.0074735282476177,11.397223141895918,-0.05700352107040563,11.226853802168218,1.3283557741381813,17.272140094495246,14.434581671340224,0.0,0.0,0.0,0.0,0.0,0.0,0.0,0.0,0.0,0.0,0.0,0.0,0.0,0.0,0.0,0.0,0.0,0.0,0.0,0.0,0.0,0.0,0.0,0.0
2050,953825,898533,0.9420312950488822,0.00023995173282986837,0.00024041657548445894,0.0002394868901752778,0.21360665535265255,11.054655341013545,0.03618027403523102,11.138765021052045,0.21052028638989279,10.970545660975045,1.3998080347959478,19.377519907904816,15.805301794586617,0.0,0.0,0.0,0.0,0.0,0.0,0.0,0.0,0.0,0.0,0.0,0.0,0.0,0.0,0.0,0.0,0.0,0.0,0.0,0.0,0.0,0.0,0.0,0.0
2051,2439443,2432954,0.9973399665415424,3.320420362934451e-05,3.3409520914462476e-05,3.299888634422654e-05,0.2868472708079808,10.800637660346055,-0.10300397281771453,10.894931220849202,0.26771540552189854,10.706344099842909,1.4658383847465188,20.9572208734979,16.702996726840144,0.0,0.0,0.0,0.0,0.0,0.0,0.0,0.0,0.0,0.0,0.0,0.0,0.0,0.0,0.0,0.0,0.0,0.0,0.0,0.0,0.0,0.0,0.0,0.0
2052,1050190,7984,0.007602433845304183,8.529021381894911e-05,8.481831129025872e-05,8.57621163476395e-05,19.75248127532043,11.540405936060719,13.879435027879067,11.056802079443592,-14.054244904610417,12.024009792677843,1.5135746184508518,21.889003594064395,17.110967850953745,0.0,0.0,0.0,0.0,0.0,0.0,0.0,0.0,0.0,0.0,0.0,0.0,0.0,0.0,0.0,0.0,0.0,0.0,0.0,0.0,0.0,0.0,0.0,0.0
2053,2165571,2117175,0.9776520834458903,0.00010073960122042314,0.00010096086371946811,0.00010051833872137816,0.12852884180995378,11.491797327585571,0.10846656704652873,11.581065221803991,-0.06895409349813116,11.402529433367151,1.2665469232344166,14.983112779075952,12.779455527388956,0.0,0.0,0.0,0.0,0.0,0.0,0.0,0.0,0.0,0.0,0.0,0.0,0.0,0.0,0.0,0.0,0.0,0.0,0.0,0.0,0.0,0.0,0.0,0.0
2068,320180,319233,0.9970422887125991,9.760190021013138e-05,9.918090829585946e-05,9.602289212440329e-05,1.0035293905413702,11.220056460543283,-0.9555020462520422,11.285488846576499,0.3067361688625821,11.154624074510068,1.3213456109963693,10.23401622994612,8.52221770548758,0.0,0.0,0.0,0.0,0.0,0.0,0.0,0.0,0.0,0.0,0.0,0.0,0.0,0.0,0.0,0.0,0.0,0.0,0.0,0.0,0.0,0.0,0.0,0.0
2070,736382,697001,0.946520963304372,0.0002630310418864079,0.0002636395031945238,0.00026242258057829204,0.8209155555670156,11.32856212907054,0.4192414314404137,11.382034807749097,0.7057896085489603,11.275089450391986,1.1800707744075827,5.119599220075799,4.5295557071455255,0.0,0.0,0.0,0.0,0.0,0.0,0.0,0.0,0.0,0.0,0.0,0.0,0.0,0.0,0.0,0.0,0.0,0.0,0.0,0.0,0.0,0.0,0.0,0.0
2071,686775,622222,0.9060056059116887,0.00035308911292719625,0.0003536820189194989,0.0003524962069348936,0.19123213717450108,11.326234041148764,-0.190674387510556,11.375128178906126,-0.014594801670510145,11.277339903391402,1.1402286321706543,4.529397049692884,4.077839157815376,0.0,0.0,0.0,0.0,0.0,0.0,0.0,0.0,0.0,0.0,0.0,0.0,0.0,0.0,0.0,0.0,0.0,0.0,0.0,0.0,0.0,0.0,0.0,0.0
2072,734969,638634,0.8689264445167075,0.000394586783655837,0.0003950900427230897,0.0003940835245885843,0.8800565132522647,11.26026258519665,-0.8789742004305146,11.304321726915266,-0.04363280297289273,11.216203443478033,1.1187424110225568,3.845857798624271,3.497558217085639,0.0,0.0,0.0,0.0,0.0,0.0,0.0,0.0,0.0,0.0,0.0,0.0,0.0,0.0,0.0,0.0,0.0,0.0,0.0,0.0,0.0,0.0,0.0,0.0
2081,3093989,3044274,0.9839317463636749,7.169135604750965e-05,7.184825407091644e-05,7.153445802410285e-05,0.70387312857676,11.709578110545696,0.27653248691098997,11.800565214906285,0.6472767297031922,11.618591006185104,1.1944467083709274,5.712869550710299,5.015431235654366,0.0,0.0,0.0,0.0,0.0,0.0,0.0,0.0,0.0,0.0,0.0,0.0,0.0,0.0,0.0,0.0,0.0,0.0,0.0,0.0,0.0,0.0,0.0,0.0
2082,2996266,2906358,0.9699933183502399,9.879076284180499e-05,9.894802254861723e-05,9.863350313499275e-05,0.17872467577072673,11.772118587151514,-0.17482091843821707,11.86144145201399,-0.03715045364150561,11.68279572228904,1.1624935935178358,5.4447594893658335,4.843537157519405,0.0,0.0,0.0,0.0,0.0,0.0,0.0,0.0,0.0,0.0,0.0,0.0,0.0,0.0,0.0,0.0,0.0,0.0,0.0,0.0,0.0,0.0,0.0,0.0
2084,3187254,3091110,0.9698348484306554,9.602455957519185e-05,9.617233782865942e-05,9.587678132172428e-05,0.7463713562181244,11.756555761946995,0.15535326336820526,11.843899176290064,0.7300243591440847,11.669212347603928,1.162498802570363,5.443736941617972,4.8427307842872755,0.0,0.0,0.0,0.0,0.0,0.0,0.0,0.0,0.0,0.0,0.0,0.0,0.0,0.0,0.0,0.0,0.0,0.0,0.0,0.0,0.0,0.0,0.0,0.0
2088,2029975,2023920,0.9970172046453774,3.854660904684115e-05,3.879323481015273e-05,3.829998328352957e-05,1.7689030437099713,11.277520883612539,1.476723775220014,11.342582157268629,0.9738094627525196,11.212459609956449,1.3103377119922708,9.571735095260976,7.9997408968748775,0.0,0.0,0.0,0.0,0.0,0.0,0.0,0.0,0.0,0.0,0.0,0.0,0.0,0.0,0.0,0.0,0.0,0.0,0.0,0.0,0.0,0.0,0.0,0.0
2093,399867,394731,0.9871557292799856,0.00017943685910248863,0.00018066475822764438,0.00017820895997733288,0.4343218968986928,11.0126023088423,0.2416414302135971,11.066612056948253,0.36089462358146324,10.958592560736346,1.2980141329931565,8.116469842596388,6.831387349878007,0.0,0.0,0.0,0.0,0.0,0.0,0.0,0.0,0.0,0.0,0.0,0.0,0.0,0.0,0.0,0.0,0.0,0.0,0.0,0.0,0.0,0.0,0.0,0.0
2094,1910976,1903503,0.9960894328343213,4.543941237900029e-05,4.5700740475052015e-05,4.517808428294856e-05,0.425089475628794,11.375353048157837,0.38307102594245535,11.444702080548625,0.18427601952982853,11.306004015767051,1.2735686808301228,7.4174281862392455,6.270468549993384,0.0,0.0,0.0,0.0,0.0,0.0,0.0,0.0,0.0,0.0,0.0,0.0,0.0,0.0,0.0,0.0,0.0,0.0,0.0,0.0,0.0,0.0,0.0,0.0
2100,2476839,2466745,0.9959246442744158,4.070879022732843e-05,4.091018574869931e-05,4.0507394705957545e-05,0.28113487376066404,11.524261914617444,0.01403774554428385,11.586872143888845,-0.2807841857093423,11.461651685346041,1.2290520683356359,7.442134459848372,6.352919287427946,0.0,0.0,0.0,0.0,0.0,0.0,0.0,0.0,0.0,0.0,0.0,0.0,0.0,0.0,0.0,0.0,0.0,0.0,0.0,0.0,0.0,0.0,0.0,0.0
2112,2303001,2295725,0.9968406440118784,3.722109966608489e-05,3.743828826263673e-05,3.7003911069533046e-05,0.5207607002549325,11.456570197595758,0.07554763722703774,11.507354259563895,-0.5152516486527914,11.40578613562762,1.2491234332498937,7.3600846745407065,6.198934564743943,0.0,0.0,0.0,0.0,0.0,0.0,0.0,0.0,0.0,0.0,0.0,0.0,0.0,0.0,0.0,0.0,0.0,0.0,0.0,0.0,0.0,0.0,0.0,0.0
2116,2233282,2227670,0.997487106420058,3.374773414926979e-05,3.397217553180454e-05,3.352329276673505e-05,0.26509743584992024,11.386040502677961,0.06981743693350938,11.434833640055125,-0.25573849142090055,11.337247365300797,1.267411187508463,7.347188442191581,6.110115589938164,0.0,0.0,0.0,0.0,0.0,0.0,0.0,0.0,0.0,0.0,0.0,0.0,0.0,0.0,0.0,0.0,0.0,0.0,0.0,0.0,0.0,0.0,0.0,0.0
2121,2217405,2012891,0.9077687657419371,0.0001946642304984647,0.00019484849607065424,0.00019447996492627517,0.6842602736491042,11.382878348933499,-0.2524235979058955,11.462674845676077,-0.6359987809065281,11.30308185219092,1.1775046442268617,7.065923267046126,6.245713701424054,0.0,0.0,0.0,0.0,0.0,0.0,0.0,0.0,0.0,0.0,0.0,0.0,0.0,0.0,0.0,0.0,0.0,0.0,0.0,0.0,0.0,0.0,0.0,0.0
2130,910890,895789,0.9834217084389992,0.0001344202216593815,0.0001349535685674086,0.0001338868747513544,0.14070279162147145,11.25877513977185,0.016665479558756503,11.35427762226547,-0.13971233789881224,11.163272657278226,1.285323171376043,7.595341939310338,6.2928071062376745,0.0,0.0,0.0,0.0,0.0,0.0,0.0,0.0,0.0,0.0,0.0,0.0,0.0,0.0,0.0,0.0,0.0,0.0,0.0,0.0,0.0,0.0,0.0,0.0
2135,851323,848339,0.9964948674005049,6.468362313799547e-05,6.52726795447034e-05,6.409456673128755e-05,0.5177958548831759,11.215868517681205,0.4720074784058797,11.297922723082214,-0.21288843947739858,11.133814312280194,1.30013671410761,7.615300420642121,6.222849293467175,0.0,0.0,0.0,0.0,0.0,0.0,0.0,0.0,0.0,0.0,0.0,0.0,0.0,0.0,0.0,0.0,0.0,0.0,0.0,0.0,0.0,0.0,0.0,0.0
2136,880429,877230,0.9963665440370547,6.473493593867063e-05,6.530419487116301e-05,6.416567700617826e-05,0.2511545433452302,11.232823622484023,-0.06828061919003098,11.319981721873642,-0.2416947696702953,11.145665523094403,1.2981313201394753,7.601806061041492,6.220471305812515,0.0,0.0,0.0,0.0,0.0,0.0,0.0,0.0,0.0,0.0,0.0,0.0,0.0,0.0,0.0,0.0,0.0,0.0,0.0,0.0,0.0,0.0,0.0,0.0
2137,952097,949621,0.997399424638456,5.275534677579019e-05,5.328348145527961e-05,5.222721209630077e-05,1.1013440154825698,11.32938619430767,0.56168018305573,11.414774522186686,-0.9473510502457642,11.243997866428652,1.2797935290729952,7.46533394901914,6.162544295653708,0.0,0.0,0.0,0.0,0.0,0.0,0.0,0.0,0.0,0.0,0.0,0.0,0.0,0.0,0.0,0.0,0.0,0.0,0.0,0.0,0.0,0.0,0.0,0.0
2139,994912,992427,0.997502291659966,5.0578411434354376e-05,5.108391353025876e-05,5.007290933844999e-05,0.4346985329174813,11.382151054576152,0.38096349376616373,11.478487751912816,-0.2093552744453521,11.285814357239488,1.2646299193364874,7.353966322225347,6.122039588849005,0.0,0.0,0.0,0.0,0.0,0.0,0.0,0.0,0.0,0.0,0.0,0.0,0.0,0.0,0.0,0.0,0.0,0.0,0.0,0.0,0.0,0.0,0.0,0.0
2140,1026925,1024276,0.9974204542688122,5.0574855288920695e-05,5.106436543533821e-05,5.008534514250318e-05,0.554662218374358,11.395990812723525,0.2767925085957979,11.481953252967827,-0.4806621304796221,11.310028372479225,1.2586567750712645,7.307294220438419,6.1053309289229425,0.0,0.0,0.0,0.0,0.0,0.0,0.0,0.0,0.0,0.0,0.0,0.0,0.0,0.0,0.0,0.0,0.0,0.0,0.0,0.0,0.0,0.0,0.0,0.0
2145,1005518,1002995,0.9974908455144512,5.0422007304151695e-05,5.0922128377650644e-05,4.9921886230652746e-05,22.174518591030708,11.388034155899806,14.941355420552608,11.462841629963362,-16.384906863961408,11.313226681836252,1.2584184180669635,7.297011763798105,6.098734129671026,0.0,0.0,0.0,0.0,0.0,0.0,0.0,0.0,0.0,0.0,0.0,0.0,0.0,0.0,0.0,0.0,0.0,0.0,0.0,0.0,0.0,0.0,0.0,0.0
2147,927676,925159,0.9972867682251131,5.458304474914577e-05,5.51249158752265e-05,5.404117362306504e-05,0.42761852521550353,11.394644943750084,0.11772487541160905,11.460291377819267,-0.4110942189046245,11.328998509680899,1.2614674697869022,7.3093355589354445,6.098697912948941,0.0,0.0,0.0,0.0,0.0,0.0,0.0,0.0,0.0,0.0,0.0,0.0,0.0,0.0,0.0,0.0,0.0,0.0,0.0,0.0,0.0,0.0,0.0,0.0
2149,825276,823322,0.9976323072523616,5.414175635548579e-05,5.4752098271326766e-05,5.353141443964482e-05,0.1409497774179939,11.371266110661253,0.11804649550484883,11.43030407456799,-0.07701859939784497,11.312228146754514,1.265153599959179,7.332422375818153,6.105377464861298,0.0,0.0,0.0,0.0,0.0,0.0,0.0,0.0,0.0,0.0,0.0,0.0,0.0,0.0,0.0,0.0,0.0,0.0,0.0,0.0,0.0,0.0,0.0,0.0
2151,786894,785335,0.9980187928742627,5.079773193017445e-05,5.143919818972886e-05,5.015626567062004e-05,0.8645654222745561,11.328946309557317,-0.86141458052142,11.401553442551686,-0.07374476156234844,11.256339176562948,1.279959464932939,8.24998381937833,6.816848933540445,0.0,0.0,0.0,0.0,0.0,0.0,0.0,0.0,0.0,0.0,0.0,0.0,0.0,0.0,0.0,0.0,0.0,0.0,0.0,0.0,0.0,0.0,0.0,0.0
2152,829007,827345,0.9979951918379458,4.976422884356291e-05,5.037284015663168e-05,4.9155617530494133e-05,0.3124827999113729,11.279358566010712,-0.2548440726880934,11.312362529507938,0.1808314100376284,11.246354602513486,1.298691213418604,9.135892578355808,7.480399029071342,0.0,0.0,0.0,0.0,0.0,0.0,0.0,0.0,0.0,0.0,0.0,0.0,0.0,0.0,0.0,0.0,0.0,0.0,0.0,0.0,0.0,0.0,0.0,0.0
2153,835875,833255,0.9968655600418723,6.177961373393659e-05,6.238037035255495e-05,6.117885711531823e-05,42.16098160014723,11.233710626899123,-29.701437679715742,11.275096857947528,-29.92278344749892,11.192324395850719,1.3102602327824777,10.102949350294118,8.239710029387401,0.0,0.0,0.0,0.0,0.0,0.0,0.0,0.0,0.0,0.0,0.0,0.0,0.0,0.0,0.0,0.0,0.0,0.0,0.0,0.0,0.0,0.0,0.0,0.0
2154,826872,825197,0.9979742934819416,5.008457122696042e-05,5.0694699620823513e-05,4.947444283309732e-05,1.0719868331825966,11.22752724722698,-0.9614998452442536,11.267156742777074,-0.47399769842492745,11.18789775167689,1.3100688073225728,10.108149864717932,8.245557251503973,0.0,0.0,0.0,0.0,0.0,0.0,0.0,0.0,0.0,0.0,0.0,0.0,0.0,0.0,0.0,0.0,0.0,0.0,0.0,0.0,0.0,0.0,0.0,0.0
2156,825656,824165,0.9981941631866056,4.7362911195392154e-05,4.797464998307355e-05,4.675117240771076e-05,1.4624853022899251,11.1941281147135,-1.3799476072081815,11.237146809961793,-0.4843633561433689,11.151109419465206,1.319882816912476,11.077488421662665,9.01375943579241,0.0,0.0,0.0,0.0,0.0,0.0,0.0,0.0,0.0,0.0,0.0,0.0,0.0,0.0,0.0,0.0,0.0,0.0,0.0,0.0,0.0,0.0,0.0,0.0
2157,883634,881960,0.998105550488098,4.685651311131522e-05,4.7427600825433736e-05,4.628542539719671e-05,1.273860355653504,11.202754960862158,-1.2706615662889036,11.248679933335689,0.09021856605988496,11.15682998838863,1.3188926507092829,11.075267002762022,9.019092276585583,0.0,0.0,0.0,0.0,0.0,0.0,0.0,0.0,0.0,0.0,0.0,0.0,0.0,0.0,0.0,0.0,0.0,0.0,0.0,0.0,0.0,0.0,0.0,0.0
2159,830830,828271,0.9969199475223571,6.143568816951994e-05,6.20402281712451e-05,6.083114816779478e-05,4.395094130438587,11.511058957583558,3.60079015318494,11.589035575618219,2.52015132246897,11.433082339548898,1.2490421746451204,6.53328516486043,5.492873789143407,0.0,0.0,0.0,0.0,0.0,0.0,0.0,0.0,0.0,0.0,0.0,0.0,0.0,0.0,0.0,0.0,0.0,0.0,0.0,0.0,0.0,0.0,0.0,0.0
2161,829113,826619,0.9969919661131836,6.078595259811914e-05,6.139190907472614e-05,6.017999612151215e-05,1.936874028657617,11.479119643465014,1.842167143110048,11.536546374651266,0.5982484598677642,11.421692912278761,1.2482369306060894,6.5167674152424535,5.482109119703643,0.0,0.0,0.0,0.0,0.0,0.0,0.0,0.0,0.0,0.0,0.0,0.0,0.0,0.0,0.0,0.0,0.0,0.0,0.0,0.0,0.0,0.0,0.0,0.0
2162,839801,836107,0.9956013388886177,7.285619421143474e-05,7.345171126915684e-05,7.226067715371265e-05,0.9136882038400843,11.542823924360695,0.8882596313968723,11.59793960011133,0.2140583123058111,11.48770824861006,1.228153044889682,6.4901446186800325,5.536307210892858,0.0,0.0,0.0,0.0,0.0,0.0,0.0,0.0,0.0,0.0,0.0,0.0,0.0,0.0,0.0,0.0,0.0,0.0,0.0,0.0,0.0,0.0,0.0,0.0
2165,919370,915433,0.9957177197428674,6.869104626766598e-05,6.923501087929829e-05,6.814708165603367e-05,0.5027898888611956,11.52810253019969,0.4997267413639003,11.59924042402123,-0.055415307513997564,11.456964636378148,1.2268872241342568,6.482504638668503,5.534240994256951,0.0,0.0,0.0,0.0,0.0,0.0,0.0,0.0,0.0,0.0,0.0,0.0,0.0,0.0,0.0,0.0,0.0,0.0,0.0,0.0,0.0,0.0,0.0,0.0
2166,854558,849003,0.9934995635170463,8.757505433731883e-05,8.815693001640312e-05,8.699317865823453e-05,0.3511083117776529,11.623662884962211,0.03522450740172306,11.692163421024837,-0.3493369157098337,11.555162348899588,1.2063934599689703,6.528429483020556,5.649440534986815,0.0,0.0,0.0,0.0,0.0,0.0,0.0,0.0,0.0,0.0,0.0,0.0,0.0,0.0,0.0,0.0,0.0,0.0,0.0,0.0,0.0,0.0,0.0,0.0
2167,851946,846291,0.9933622553542126,8.861933048021076e-05,8.920279334623249e-05,8.803586761418902e-05,0.2268095577491457,11.608807650834997,0.21961763328397338,11.669105129162451,-0.0566627799980662,11.548510172507545,1.2060725116703648,6.526241761991349,5.648975160593063,0.0,0.0,0.0,0.0,0.0,0.0,0.0,0.0,0.0,0.0,0.0,0.0,0.0,0.0,0.0,0.0,0.0,0.0,0.0,0.0,0.0,0.0,0.0,0.0
2172,823010,673170,0.8179365985832493,0.00042625209673813336,0.0004266392888175874,0.0004258649046586793,0.353111502490277,11.24774735575776,0.008086858209283343,11.289671056097681,-0.3530188888929937,11.205823655417838,1.125106492167356,6.489966964358538,5.908101203726139,0.0,0.0,0.0,0.0,0.0,0.0,0.0,0.0,0.0,0.0,0.0,0.0,0.0,0.0,0.0,0.0,0.0,0.0,0.0,0.0,0.0,0.0,0.0,0.0
2174,839688,632136,0.7528224769199988,0.0004716489818764602,0.0004719507115417132,0.0004713472522112072,0.1636725732326427,11.106517743426325,0.03395135546988154,11.134077447593208,0.16011251259771214,11.078958039259442,1.1073681711717416,6.375903019560676,5.860977717288093,0.0,0.0,0.0,0.0,0.0,0.0,0.0,0.0,0.0,0.0,0.0,0.0,0.0,0.0,0.0,0.0,0.0,0.0,0.0,0.0,0.0,0.0,0.0,0.0
2176,837346,563493,0.67295120535597,0.0005136049682253896,0.0005138119322442014,0.0005133980042065778,0.1500933113732218,10.930517840142587,0.11688260277542634,10.921707741548998,-0.09416187810053922,10.939327938736175,1.0934794596425808,6.274863615954964,5.808489352630164,0.0,0.0,0.0,0.0,0.0,0.0,0.0,0.0,0.0,0.0,0.0,0.0,0.0,0.0,0.0,0.0,0.0,0.0,0.0,0.0,0.0,0.0,0.0,0.0
2182,845810,836110,0.988531703337629,0.00011643963216256825,0.0001170206684989461,0.0001158585958261904,0.4136437859149642,11.69409070392885,0.39114286535843723,11.77778760859865,-0.1345676057052967,11.61039379925905,1.179215581961323,5.64235219210659,4.96605093278175,0.0,0.0,0.0,0.0,0.0,0.0,0.0,0.0,0.0,0.0,0.0,0.0,0.0,0.0,0.0,0.0,0.0,0.0,0.0,0.0,0.0,0.0,0.0,0.0
